signal_date,ticker,signal_type,direction,entry_price,sl,tp,rr,score,sector,status,exit_price,exit_date,exit_reason,pnl_pct,days_held,qual_score,qual_tier,split_adj
2026-05-13 00:00:00,ADANIENSOL.NS,PB-L,LONG,1318.2,1220.79,1545.49,2.33,7,Utilities,TP_HIT,1545.49,2026-05-27 00:00:00,TP,17.24,14.0,,,
2026-05-13 00:00:00,CUMMINSIND.NS,PB-L,LONG,5212.0,5016.22,5668.81,2.33,7,Capital Goods,TP_HIT,5668.81,2026-05-27 00:00:00,TP,8.76,14.0,,,
2026-05-13 00:00:00,GOLDIAM.NS,PB-L,LONG,390.2,359.12,462.72,2.33,7,Consumer Cyclical,TP_HIT,462.72,2026-06-12 00:00:00,TP,18.59,30.0,,,
2026-05-13 00:00:00,JSWSTEEL.NS,PB-L,LONG,1274.9,1233.23,1372.14,2.33,7,Metals & Mining,EXPIRED,1297.6,2026-06-12,EXPIRED,1.78,30.0,,,
2026-05-13 00:00:00,MANAKALUCO.NS,PB-L,LONG,35.69,32.45,43.26,2.34,7,Basic Materials,TP_HIT,43.26,2026-06-10 00:00:00,TP,21.21,28.0,,,
2026-05-13 00:00:00,NTPCGREEN.NS,PB-L,LONG,111.25,105.44,124.81,2.33,7,Utilities,SL_HIT,105.44,2026-05-18 00:00:00,SL,-5.22,5.0,,,
2026-05-13 00:00:00,BALRAMCHIN.NS,BO-L,LONG,548.9,521.32,613.26,2.33,5,Agri & Fertilizers,SL_HIT,521.32,2026-05-14 00:00:00,SL,-5.02,1.0,,,
2026-05-13 00:00:00,CONFIPET.NS,BO-L,LONG,62.54,56.7,76.16,2.33,5,Energy,TP_HIT,76.16,2026-06-03 00:00:00,TP,21.78,21.0,,,
2026-05-13 00:00:00,DIVISLAB.NS,BO-L,LONG,6796.0,6590.0,7276.66,2.33,5,Pharma - Large Cap,SL_HIT,6590.0,2026-05-29 00:00:00,SL,-3.03,16.0,,,
2026-05-13 00:00:00,HINDCOPPER.NS,BO-L,LONG,595.3,563.12,670.4,2.33,5,Metals & Mining,SL_HIT,563.12,2026-05-20 00:00:00,SL,-5.41,7.0,,,
2026-05-13 00:00:00,LAKPRE.NS,BO-L,LONG,6.36,5.89,7.47,2.36,5,Industrials,SL_HIT,5.89,2026-05-22 00:00:00,SL,-7.39,9.0,,,
2026-05-13 00:00:00,MEGASTAR.NS,BO-L,LONG,314.05,293.34,362.38,2.33,5,Consumer Defensive,SL_HIT,293.34,2026-05-25 00:00:00,SL,-6.59,12.0,,,
2026-05-13 00:00:00,PANACHE.NS,BO-L,LONG,379.45,347.35,454.36,2.33,5,Technology,SL_HIT,347.35,2026-05-18 00:00:00,SL,-8.46,5.0,,,
2026-05-13 00:00:00,SAIL.NS,BO-L,LONG,201.31,191.4,224.43,2.33,5,Metals & Mining,SL_HIT,191.4,2026-05-18 00:00:00,SL,-4.92,5.0,,,
2026-05-13 00:00:00,TATASTEEL.NS,BASE-BO,LONG,219.62,212.46,236.32,2.33,5,Metals & Mining,SL_HIT,212.46,2026-05-18 00:00:00,SL,-3.26,5.0,,,
2026-05-13 00:00:00,HINDZINC.NS,BO-L,LONG,667.1,637.86,735.33,2.33,4,Basic Materials,SL_HIT,637.86,2026-05-15 00:00:00,SL,-4.38,2.0,,,
2026-05-14 00:00:00,HIRECT.NS,PB-L,LONG,909.65,839.65,1072.98,2.33,7,Industrials,SL_HIT,839.65,2026-05-18 00:00:00,SL,-7.7,4.0,,,
2026-05-14 00:00:00,PAISALO.NS,PB-L,LONG,46.29,43.11,53.7,2.33,7,Financial Services,TP_HIT,53.7,2026-06-01 00:00:00,TP,16.01,18.0,,,
2026-05-14 00:00:00,TFCILTD.NS,PB-L,LONG,76.92,71.69,89.11,2.33,7,Financial Services,SL_HIT,71.69,2026-05-18 00:00:00,SL,-6.8,4.0,,,
2026-05-14 00:00:00,GLENMARK.NS,PB-L,LONG,2340.6,2236.97,2582.41,2.33,6,Pharma,SL_HIT,2236.97,2026-05-22 00:00:00,SL,-4.43,8.0,,,
2026-05-14 00:00:00,BLISSGVS.NS,BO-L,LONG,289.4,271.9,330.23,2.33,5,Healthcare,TP_HIT,330.23,2026-05-26 00:00:00,TP,14.11,12.0,,,
2026-05-14 00:00:00,DIACABS.NS,BO-L,LONG,191.99,177.83,225.04,2.33,5,Industrials,EXPIRED,201.91,2026-06-12,EXPIRED,5.17,29.0,,,
2026-05-14 00:00:00,HINDALCO.NS,BO-L,LONG,1103.3,1062.21,1199.17,2.33,5,Metals & Mining,SL_HIT,1062.21,2026-05-15 00:00:00,SL,-3.72,1.0,,,
2026-05-14 00:00:00,NGIL.NS,BO-L,LONG,39.51,36.59,46.33,2.34,5,Consumer Defensive,EXPIRED,37.95,2026-06-12,EXPIRED,-3.95,29.0,,,
2026-05-14 00:00:00,PRECOT.NS,BO-L,LONG,660.3,615.79,764.15,2.33,5,Consumer Cyclical,SL_HIT,615.79,2026-05-19 00:00:00,SL,-6.74,5.0,,,
2026-05-14 00:00:00,SOLARINDS.NS,BO-L,LONG,16665.0,15937.6,18362.27,2.33,5,Defence & Railways,TP_HIT,18362.27,2026-05-19 00:00:00,TP,10.18,5.0,,,
2026-05-15 00:00:00,ABDL.NS,PB-L,LONG,555.35,520.15,637.47,2.33,7,Consumer Defensive,SL_HIT,520.15,2026-05-19 00:00:00,SL,-6.34,4.0,,,
2026-05-15 00:00:00,ATULAUTO.NS,BO-L,LONG,517.9,488.12,587.39,2.33,5,Consumer Cyclical,SL_HIT,488.12,2026-05-20 00:00:00,SL,-5.75,5.0,,,
2026-05-15 00:00:00,CARERATING.NS,BO-L,LONG,1800.4,1700.42,2033.69,2.33,5,Financial Services,SL_HIT,1700.42,2026-05-25 00:00:00,SL,-5.55,10.0,,,
2026-05-15 00:00:00,GRAPHITE.NS,BO-L,LONG,774.45,726.76,885.73,2.33,5,Capital Goods,SL_HIT,726.76,2026-05-29 00:00:00,SL,-6.16,14.0,,,
2026-05-15 00:00:00,KOTYARK.NS,BO-L,LONG,447.25,410.87,532.15,2.33,5,Basic Materials,SL_HIT,410.87,2026-06-08 00:00:00,SL,-8.13,24.0,,,
2026-05-15 00:00:00,MCLEODRUSS.NS,BO-L,LONG,62.64,58.31,72.75,2.33,5,Consumer Defensive,TP_HIT,72.75,2026-05-21 00:00:00,TP,16.14,6.0,,,
2026-05-15 00:00:00,MEDPLUS.NS,BO-L,LONG,951.0,906.14,1055.68,2.33,5,Healthcare,SL_HIT,906.14,2026-05-20 00:00:00,SL,-4.72,5.0,,,
2026-05-15 00:00:00,SAKAR.NS,BO-L,LONG,696.7,627.23,858.8,2.33,5,Healthcare,TP_HIT,858.8,2026-06-01 00:00:00,TP,23.27,17.0,,,
2026-05-15 00:00:00,SENORES.NS,BO-L,LONG,1050.35,982.76,1208.07,2.33,5,Healthcare,TP_HIT,1208.07,2026-06-12 00:00:00,TP,15.02,28.0,,,
2026-05-15 00:00:00,SHILPAMED.NS,BO-L,LONG,478.4,445.46,555.25,2.33,5,Healthcare,TP_HIT,555.25,2026-06-08 00:00:00,TP,16.06,24.0,,,
2026-05-18 00:00:00,HIRECT.NS,PB-L,LONG,910.15,825.85,1106.85,2.33,7,Industrials,TP_HIT,1106.85,2026-05-27 00:00:00,TP,21.61,9.0,,,
2026-05-18 00:00:00,NESCO.NS,PB-L,LONG,1238.7,1170.38,1398.12,2.33,7,Real Estate,SL_HIT,1170.38,2026-05-29 00:00:00,SL,-5.52,11.0,,,
2026-05-18 00:00:00,TORNTPHARM.NS,PB-L,LONG,4393.7,4235.7,4762.38,2.33,7,Pharma - Large Cap,EXPIRED,4442.8,2026-06-17 00:00:00,EXPIRED,1.12,30.0,,,
2026-05-18 00:00:00,GESHIP.NS,BO-L,LONG,1696.5,1585.44,1955.63,2.33,5,Industrials,SL_HIT,1585.44,2026-05-27 00:00:00,SL,-6.55,9.0,,,
2026-05-18 00:00:00,GLAND.NS,BO-L,LONG,2156.6,2034.52,2441.44,2.33,5,Pharma,EXPIRED,2197.6,2026-06-17 00:00:00,EXPIRED,1.9,30.0,,,
2026-05-18 00:00:00,MUKANDLTD.NS,BO-L,LONG,148.95,138.9,172.41,2.33,5,Basic Materials,SL_HIT,138.9,2026-05-26 00:00:00,SL,-6.75,8.0,,,
2026-05-18 00:00:00,SALSTEEL.NS,BO-L,LONG,61.12,56.16,72.69,2.33,4,Basic Materials,SL_HIT,56.16,2026-05-22 00:00:00,SL,-8.12,4.0,,,
2026-05-19 00:00:00,SUKHJITS.NS,PB-L,LONG,191.5,175.86,228.0,2.33,7,Basic Materials,SL_HIT,175.86,2026-06-01 00:00:00,SL,-8.17,13.0,,,
2026-05-19 00:00:00,TIMKEN.NS,PB-L,LONG,3538.0,3363.75,3944.57,2.33,7,Industrials,EXPIRED,3573.9,2026-06-18 00:00:00,EXPIRED,1.01,30.0,,,
2026-05-19 00:00:00,KSL.NS,PB-L,LONG,821.85,768.92,945.35,2.33,6,Basic Materials,EXPIRED,814.7,2026-06-18 00:00:00,EXPIRED,-0.87,30.0,,,
2026-05-19 00:00:00,ZYDUSWELL.NS,PB-L,LONG,509.1,477.63,582.53,2.33,6,Consumer Defensive,EXPIRED,504.65,2026-06-18 00:00:00,EXPIRED,-0.87,30.0,,,
2026-05-19 00:00:00,GRANULES.NS,BO-L,LONG,766.45,731.94,846.97,2.33,5,Pharma,EXPIRED,782.1,2026-06-18 00:00:00,EXPIRED,2.04,30.0,,,
2026-05-19 00:00:00,RADICO.NS,BO-L,LONG,3599.9,3431.51,3992.82,2.33,5,Consumer & FMCG,SL_HIT,3431.51,2026-05-27 00:00:00,SL,-4.68,8.0,,,
2026-05-19 00:00:00,TRITURBINE.NS,BO-L,LONG,638.05,594.67,739.27,2.33,5,Industrials,TP_HIT,739.27,2026-05-29 00:00:00,TP,15.86,10.0,,,
2026-05-20 00:00:00,INDUSINDBK.NS,PB-L,LONG,897.15,859.97,983.9,2.33,6,Banking - Private,EXPIRED,947.45,2026-06-19 00:00:00,EXPIRED,5.61,30.0,,,
2026-05-20 00:00:00,NGLFINE.NS,PB-L,LONG,2410.1,2152.0,3012.34,2.33,6,Healthcare,TP_HIT,3012.34,2026-06-12 00:00:00,TP,24.99,23.0,,,
2026-05-20 00:00:00,SIGNPOST.NS,PB-L,LONG,281.35,257.3,337.46,2.33,6,Communication Services,SL_HIT,257.3,2026-06-08 00:00:00,SL,-8.55,19.0,,,
2026-05-20 00:00:00,AVALON.NS,BO-L,LONG,1464.4,1344.68,1743.74,2.33,5,Technology,SL_HIT,1344.68,2026-05-26 00:00:00,SL,-8.18,6.0,,,
2026-05-20 00:00:00,MANAPPURAM.NS,BO-L,LONG,319.15,303.09,356.62,2.33,5,NBFC,SL_HIT,303.09,2026-06-03 00:00:00,SL,-5.03,14.0,,,
2026-05-20 00:00:00,MANINDS.NS,BO-L,LONG,592.55,550.52,690.63,2.33,5,Basic Materials,SL_HIT,550.52,2026-05-21 00:00:00,SL,-7.09,1.0,,,
2026-05-20 00:00:00,MAYURUNIQ.NS,BO-L,LONG,692.25,648.64,794.0,2.33,5,Consumer Cyclical,TP_HIT,794.0,2026-05-27 00:00:00,TP,14.7,7.0,,,
2026-05-20 00:00:00,MUFIN.NS,BO-L,LONG,121.02,115.35,134.24,2.33,5,Financial Services,EXPIRED,130.86,2026-06-19 00:00:00,EXPIRED,8.13,30.0,,,
2026-05-20 00:00:00,NDLVENTURE.NS,BO-L,LONG,131.04,122.32,151.38,2.33,5,Communication Services,SL_HIT,122.32,2026-05-29 00:00:00,SL,-6.65,9.0,,,
2026-05-20 00:00:00,POWERINDIA.NS,BO-L,LONG,35525.0,33662.44,39870.98,2.33,5,Industrials,SL_HIT,33662.44,2026-06-10 00:00:00,SL,-5.24,21.0,,,
2026-05-20 00:00:00,PRECOT.NS,BO-L,LONG,716.0,660.34,845.86,2.33,5,Consumer Cyclical,TP_HIT,845.86,2026-05-27 00:00:00,TP,18.14,7.0,,,
2026-05-20 00:00:00,SBCL.NS,BO-L,LONG,664.8,610.5,791.51,2.33,5,Industrials,EXPIRED,746.55,2026-06-19 00:00:00,EXPIRED,12.3,30.0,,,
2026-05-20 00:00:00,SINDHUTRAD.NS,BO-L,LONG,26.83,24.9,31.32,2.33,5,Industrials,SL_HIT,24.9,2026-06-08 00:00:00,SL,-7.19,19.0,,,
2026-05-20 00:00:00,WANBURY.NS,BO-L,LONG,270.9,254.1,310.11,2.33,5,Healthcare,TP_HIT,310.11,2026-05-29 00:00:00,TP,14.47,9.0,,,
2026-05-22 00:00:00,ENTERO.NS,BO-L,LONG,1354.4,1274.83,1540.07,2.33,5,Healthcare,SL_HIT,1274.83,2026-05-26 00:00:00,SL,-5.87,4.0,,,
2026-05-22 00:00:00,PASUPTAC.NS,BO-L,LONG,57.97,54.01,67.22,2.34,5,Consumer Cyclical,TP_HIT,67.22,2026-06-01 00:00:00,TP,15.96,10.0,,,
2026-05-22 00:00:00,RATEGAIN.NS,BO-L,LONG,714.45,663.6,833.11,2.33,5,IT - Mid & Small,TP_HIT,833.11,2026-06-15 00:00:00,TP,16.61,24.0,,,
2026-05-22 00:00:00,SHYAMMETL.NS,BO-L,LONG,947.8,901.88,1054.96,2.33,5,Metals & Mining,EXPIRED,970.3,2026-06-19,EXPIRED,2.37,28.0,,,
2026-05-22 00:00:00,SONAMLTD.NS,BO-L,LONG,58.39,54.46,67.55,2.33,5,Consumer Cyclical,SL_HIT,54.46,2026-05-27 00:00:00,SL,-6.73,5.0,,,
2026-05-22 00:00:00,VBL.NS,BO-L,LONG,539.45,517.89,589.76,2.33,5,Consumer & FMCG,SL_HIT,517.89,2026-06-02 00:00:00,SL,-4.0,11.0,,,
2026-05-25 00:00:00,BHARATGEAR.NS,PB-L,LONG,113.3,105.48,131.55,2.33,7,Consumer Cyclical,TP_HIT,131.55,2026-06-16 00:00:00,TP,16.11,22.0,,,
2026-05-25 00:00:00,KRISHNADEF.NS,PB-L,LONG,1131.0,1003.54,1428.41,2.33,7,Industrials,EXPIRED,1335.0,2026-06-24,EXPIRED,18.04,30.0,,,
2026-05-25 00:00:00,CESC.NS,PB-L,LONG,185.59,176.54,206.7,2.33,6,Power & Renewables,SL_HIT,176.54,2026-06-02 00:00:00,SL,-4.88,8.0,,,
2026-05-25 00:00:00,ATALREAL.NS,BO-L,LONG,29.99,28.35,33.81,2.33,5,Industrials,SL_HIT,28.35,2026-06-08 00:00:00,SL,-5.47,14.0,,,
2026-05-25 00:00:00,CORDSCABLE.NS,BO-L,LONG,235.6,216.92,279.19,2.33,5,Industrials,SL_HIT,216.92,2026-06-02 00:00:00,SL,-7.93,8.0,,,
2026-05-25 00:00:00,E2E.NS,BO-L,LONG,3701.8,3436.03,4321.92,2.33,5,Technology,SL_HIT,3436.03,2026-05-26 00:00:00,SL,-7.18,1.0,,,
2026-05-25 00:00:00,FEDFINA.NS,BO-L,LONG,164.79,155.37,186.78,2.33,5,Financial Services,SL_HIT,155.37,2026-06-01 00:00:00,SL,-5.72,7.0,,,
2026-05-25 00:00:00,GANDHITUBE.NS,BO-L,LONG,961.25,907.43,1086.83,2.33,5,Industrials,SL_HIT,907.43,2026-05-26 00:00:00,SL,-5.6,1.0,,,
2026-05-25 00:00:00,LLOYDSME.NS,BO-L,LONG,1801.4,1716.61,1999.24,2.33,5,Basic Materials,SL_HIT,1716.61,2026-06-08 00:00:00,SL,-4.71,14.0,,,
2026-05-25 00:00:00,NAVINFLUOR.NS,BO-L,LONG,7445.5,7144.36,8148.16,2.33,5,Chemicals,SL_HIT,7144.36,2026-05-29 00:00:00,SL,-4.04,4.0,,,
2026-05-25 00:00:00,NH.NS,BO-L,LONG,1940.0,1852.22,2144.81,2.33,5,Healthcare,SL_HIT,1852.22,2026-06-11 00:00:00,SL,-4.52,17.0,,,
2026-05-25 00:00:00,RAMRAT.NS,BO-L,LONG,470.45,437.08,548.32,2.33,5,Industrials,SL_HIT,437.08,2026-05-29 00:00:00,SL,-7.09,4.0,,,
2026-05-25 00:00:00,RISHABH.NS,BO-L,LONG,549.9,503.04,659.23,2.33,5,Capital Goods,SL_HIT,503.04,2026-06-01 00:00:00,SL,-8.52,7.0,,,
2026-05-25 00:00:00,TECHNOE.NS,BO-L,LONG,1373.0,1295.44,1553.98,2.33,5,Industrials,SL_HIT,1295.44,2026-05-26 00:00:00,SL,-5.65,1.0,,,
2026-05-25 00:00:00,JBCHEPHARM.NS,BO-L,LONG,2228.4,2144.15,2424.99,2.33,4,Pharma,SL_HIT,2144.15,2026-05-29 00:00:00,SL,-3.78,4.0,,,
2026-05-25 00:00:00,TORNTPHARM.NS,BO-L,LONG,4572.6,4399.99,4975.36,2.33,4,Pharma - Large Cap,SL_HIT,4399.99,2026-05-29 00:00:00,SL,-3.77,4.0,,,
2026-05-26 00:00:00,PIXTRANS.NS,PB-L,LONG,1540.4,1453.31,1743.61,2.33,7,Industrials,TP_HIT,1743.61,2026-06-25 00:00:00,TP,13.19,30.0,,,
2026-05-26 00:00:00,INOXINDIA.NS,PB-L,LONG,1488.1,1392.28,1711.68,2.33,6,Industrials,TP_HIT,1711.68,2026-06-09 00:00:00,TP,15.02,14.0,,,
2026-05-26 00:00:00,ADANIPOWER.NS,BO-L,LONG,244.53,231.43,275.09,2.33,5,Power & Renewables,SL_HIT,231.43,2026-06-02 00:00:00,SL,-5.36,7.0,,,
2026-05-26 00:00:00,ATGL.NS,BO-L,LONG,713.1,668.37,817.47,2.33,5,Oil & Gas,TP_HIT,817.47,2026-05-27 00:00:00,TP,14.64,1.0,,,
2026-05-26 00:00:00,AVANTEL.NS,BO-L,LONG,176.83,165.07,204.28,2.33,5,Technology,SL_HIT,165.07,2026-06-08 00:00:00,SL,-6.65,13.0,,,
2026-05-26 00:00:00,GALAPREC.NS,BO-L,LONG,930.2,871.17,1067.94,2.33,5,Industrials,SL_HIT,871.17,2026-06-03 00:00:00,SL,-6.35,8.0,,,
2026-05-26 00:00:00,GHCLTEXTIL.NS,BO-L,LONG,95.71,89.32,110.62,2.33,5,Consumer Cyclical,EXPIRED,92.59,2026-06-25 00:00:00,EXPIRED,-3.26,30.0,,,
2026-05-26 00:00:00,KAPSTON.NS,BO-L,LONG,348.75,333.29,384.83,2.33,5,Industrials,SL_HIT,333.29,2026-06-03 00:00:00,SL,-4.43,8.0,,,
2026-05-26 00:00:00,KINGFA.NS,BO-L,LONG,5528.1,5222.44,6241.3,2.33,5,Chemicals,SL_HIT,5222.44,2026-06-09 00:00:00,SL,-5.53,14.0,,,
2026-05-26 00:00:00,RSWM.NS,BO-L,LONG,178.98,167.66,205.4,2.33,5,Consumer Cyclical,TP_HIT,205.4,2026-06-05 00:00:00,TP,14.76,10.0,,,
2026-05-26 00:00:00,STEELXIND.NS,BO-L,LONG,10.84,10.03,12.72,2.32,5,Basic Materials,TP_HIT,12.72,2026-05-29 00:00:00,TP,17.34,3.0,,,
2026-05-26 00:00:00,WABAG.NS,BO-L,LONG,1506.3,1430.92,1682.2,2.33,5,Industrials,TP_HIT,1682.2,2026-06-16 00:00:00,TP,11.68,21.0,,,
2026-05-27 00:00:00,ABB.NS,BO-L,LONG,7219.0,6881.41,8006.71,2.33,5,Capital Goods,SL_HIT,6881.41,2026-06-10 00:00:00,SL,-4.68,14.0,,,
2026-05-27 00:00:00,APARINDS.NS,BO-L,LONG,13426.0,12640.54,15258.74,2.33,5,Industrials,SL_HIT,12640.54,2026-06-01 00:00:00,SL,-5.85,5.0,,,
2026-05-27 00:00:00,BBTCL.NS,BO-L,LONG,208.13,195.57,237.44,2.33,5,Consumer Cyclical,TP_HIT,237.44,2026-06-01 00:00:00,TP,14.08,5.0,,,
2026-05-27 00:00:00,CGPOWER.NS,BO-L,LONG,934.8,892.74,1032.94,2.33,5,Capital Goods,SL_HIT,892.74,2026-06-01 00:00:00,SL,-4.5,5.0,,,
2026-05-27 00:00:00,DEEPINDS.NS,BO-L,LONG,487.15,452.06,569.02,2.33,5,Energy,EXPIRED,474.8,2026-06-26,EXPIRED,-2.54,30.0,,,
2026-05-27 00:00:00,DREDGECORP.NS,BO-L,LONG,1191.5,1095.59,1415.29,2.33,5,Industrials,SL_HIT,1095.59,2026-06-10 00:00:00,SL,-8.05,14.0,,,
2026-05-27 00:00:00,ELGIEQUIP.NS,BO-L,LONG,577.9,550.8,641.13,2.33,5,Capital Goods,TP_HIT,641.13,2026-05-28 00:00:00,TP,10.94,1.0,,,
2026-05-27 00:00:00,FACT.NS,BO-L,LONG,923.4,879.06,1026.85,2.33,5,Basic Materials,SL_HIT,879.06,2026-05-29 00:00:00,SL,-4.8,2.0,,,
2026-05-27 00:00:00,FINCABLES.NS,BO-L,LONG,1177.25,1105.52,1344.63,2.33,5,Industrials,SL_HIT,1105.52,2026-06-01 00:00:00,SL,-6.09,5.0,,,
2026-05-27 00:00:00,GRANULES.NS,BO-L,LONG,782.6,747.88,863.61,2.33,5,Pharma,SL_HIT,747.88,2026-06-15 00:00:00,SL,-4.44,19.0,,,
2026-05-27 00:00:00,GUJTHEM.NS,BO-L,LONG,432.2,395.44,517.98,2.33,5,Healthcare,SL_HIT,395.44,2026-06-01 00:00:00,SL,-8.51,5.0,,,
2026-05-27 00:00:00,GVT&D.NS,BO-L,LONG,5097.7,4785.04,5827.23,2.33,5,Industrials,SL_HIT,4785.04,2026-06-01 00:00:00,SL,-6.13,5.0,,,
2026-05-27 00:00:00,HINDALCO.NS,BO-L,LONG,1149.7,1104.27,1255.7,2.33,5,Metals & Mining,SL_HIT,1104.27,2026-06-05 00:00:00,SL,-3.95,9.0,,,
2026-05-27 00:00:00,HIRECT.NS,BO-L,LONG,1152.35,1052.12,1386.21,2.33,5,Industrials,SL_HIT,1052.12,2026-06-10 00:00:00,SL,-8.7,14.0,,,
2026-05-27 00:00:00,IFCI.NS,BO-L,LONG,68.38,64.54,77.34,2.33,5,Financial Services,TP_HIT,77.34,2026-06-03 00:00:00,TP,13.1,7.0,,,
2026-05-27 00:00:00,JINDALSAW.NS,BO-L,LONG,246.07,231.19,280.78,2.33,5,Infrastructure,SL_HIT,231.19,2026-06-10 00:00:00,SL,-6.05,14.0,,,
2026-05-27 00:00:00,JPPOWER.NS,BO-L,LONG,22.87,21.1,27.0,2.33,5,Power & Renewables,SL_HIT,21.1,2026-06-01 00:00:00,SL,-7.74,5.0,,,
2026-05-27 00:00:00,KINGFA.NS,BO-L,LONG,100.17,93.42,115.93,2.33,5,Chemicals,TP_HIT,115.93,2026-05-28 00:00:00,TP,15.73,1.0,,,
2026-05-27 00:00:00,KIOCL.NS,BO-L,LONG,416.1,390.79,475.16,2.33,5,Basic Materials,SL_HIT,390.79,2026-05-29 00:00:00,SL,-6.08,2.0,,,
2026-05-27 00:00:00,KIRLOSENG.NS,BO-L,LONG,1830.0,1717.86,2091.67,2.33,5,Capital Goods,TP_HIT,2091.67,2026-06-22,TP,14.3,26.0,,,
2026-05-27 00:00:00,MOTHERSON.NS,BO-L,LONG,142.41,134.92,159.88,2.33,5,Auto Ancillaries,EXPIRED,151.71,2026-06-26,EXPIRED,6.53,30.0,,,
2026-05-27 00:00:00,MUNJALAU.NS,BO-L,LONG,97.78,92.29,110.58,2.33,5,Consumer Cyclical,SL_HIT,92.29,2026-05-29 00:00:00,SL,-5.61,2.0,,,
2026-05-27 00:00:00,POWERINDIA.NS,BO-L,LONG,37550.0,35532.09,42258.45,2.33,5,Industrials,SL_HIT,35532.09,2026-06-02 00:00:00,SL,-5.37,6.0,,,
2026-05-27 00:00:00,PREMIERENE.NS,BO-L,LONG,1046.0,996.73,1160.96,2.33,5,Technology,EXPIRED,1050.6,2026-06-26,EXPIRED,0.44,30.0,,,
2026-05-27 00:00:00,SAMMAANCAP.NS,BO-L,LONG,173.32,163.79,195.55,2.33,5,Financial Services,EXPIRED,169.81,2026-06-26,EXPIRED,-2.03,30.0,,,
2026-05-27 00:00:00,SIEMENS.NS,BO-L,LONG,3878.7,3659.37,4390.46,2.33,5,Capital Goods,SL_HIT,3659.37,2026-06-02 00:00:00,SL,-5.65,6.0,,,
2026-05-27 00:00:00,SKIPPER.NS,BO-L,LONG,516.8,482.23,597.47,2.33,5,Industrials,EXPIRED,533.15,2026-06-26,EXPIRED,3.16,30.0,,,
2026-05-27 00:00:00,USHAMART.NS,BO-L,LONG,510.45,484.97,569.91,2.33,5,Basic Materials,SL_HIT,484.97,2026-06-10 00:00:00,SL,-4.99,14.0,,,
2026-05-27 00:00:00,E2E.NS,BO-L,LONG,3951.4,3681.89,4580.25,2.33,4,Technology,SL_HIT,3681.89,2026-05-28 00:00:00,SL,-6.82,1.0,,,
2026-05-27 00:00:00,GMDCLTD.NS,BO-L,LONG,699.1,658.53,793.77,2.33,4,Energy,SL_HIT,658.53,2026-06-02 00:00:00,SL,-5.8,6.0,,,
2026-05-29 00:00:00,ACMESOLAR.NS,BO-L,LONG,310.1,293.06,349.86,2.33,5,Utilities,TP_HIT,349.86,2026-06-05 00:00:00,TP,12.82,7.0,6.0,MEDIUM,
2026-05-29 00:00:00,ASHAPURMIN.NS,BO-L,LONG,739.5,689.73,855.64,2.33,5,Basic Materials,SL_HIT,689.73,2026-06-08 00:00:00,SL,-6.73,10.0,1.0,LOW,
2026-05-29 00:00:00,BIRLACABLE.NS,BO-L,LONG,193.91,180.92,224.22,2.33,5,Technology,TP_HIT,224.22,2026-06-03 00:00:00,TP,15.63,5.0,4.0,MEDIUM,
2026-05-29 00:00:00,CENTUM.NS,BO-L,LONG,3484.0,3207.5,4129.16,2.33,5,Technology,EXPIRED,3562.3,2026-06-26,EXPIRED,2.25,28.0,7.0,HIGH,
2026-05-29 00:00:00,CGCL.NS,BO-L,LONG,198.36,188.68,220.94,2.33,5,Financial Services,TP_HIT,220.94,2026-06-15 00:00:00,TP,11.38,17.0,6.0,MEDIUM,
2026-05-29 00:00:00,GRWRHITECH.NS,BO-L,LONG,6117.9,5677.13,7146.37,2.33,5,Basic Materials,SL_HIT,5677.13,2026-06-02 00:00:00,SL,-7.2,4.0,4.0,MEDIUM,
2026-05-29 00:00:00,JGCHEM.NS,BO-L,LONG,436.2,409.03,499.59,2.33,5,Basic Materials,SL_HIT,409.03,2026-06-08 00:00:00,SL,-6.23,10.0,4.0,MEDIUM,
2026-05-29 00:00:00,KSHITIJPOL.NS,BO-L,LONG,4.74,4.38,5.57,2.31,5,Industrials,TP_HIT,5.57,2026-06-04 00:00:00,TP,17.51,6.0,3.0,LOW,
2026-05-29 00:00:00,MAHASTEEL.NS,BO-L,LONG,946.35,876.02,1110.45,2.33,5,Basic Materials,SL_HIT,876.02,2026-06-10 00:00:00,SL,-7.43,12.0,4.0,MEDIUM,
2026-05-29 00:00:00,NEOGEN.NS,BO-L,LONG,1858.1,1721.93,2175.82,2.33,5,Chemicals,EXPIRED,1874.8,2026-06-26,EXPIRED,0.9,28.0,3.0,LOW,
2026-05-29 00:00:00,NETWEB.NS,BO-L,LONG,4670.7,4341.03,5439.93,2.33,5,IT - Mid & Small,SL_HIT,4341.03,2026-06-08 00:00:00,SL,-7.06,10.0,6.0,MEDIUM,
2026-05-29 00:00:00,RRKABEL.NS,BO-L,LONG,2056.3,1931.26,2348.06,2.33,5,Electronics & EMS,TP_HIT,2348.06,2026-06-18,TP,14.19,20.0,8.0,HIGH,
2026-05-29 00:00:00,SHAILY.NS,BO-L,LONG,2989.5,2750.77,3546.53,2.33,5,Basic Materials,SL_HIT,2750.77,2026-06-18,SL,-7.99,20.0,9.0,HIGH,
2026-05-29 00:00:00,SKYGOLD.NS,BO-L,LONG,521.0,480.98,614.38,2.33,5,Consumer & FMCG,EXPIRED,499.15,2026-06-26,EXPIRED,-4.19,28.0,7.0,HIGH,
2026-05-29 00:00:00,THERMAX.NS,BO-L,LONG,4982.7,4685.95,5675.12,2.33,5,Capital Goods,SL_HIT,4685.95,2026-06-08 00:00:00,SL,-5.96,10.0,4.0,MEDIUM,
2026-05-29 00:00:00,BANDHANBNK.NS,BO-L,LONG,208.3,198.69,230.73,2.33,4,Banking - Private,SL_HIT,198.69,2026-06-11 00:00:00,SL,-4.61,13.0,1.0,LOW,
2026-05-29 00:00:00,YESBANK.NS,BO-L,LONG,23.15,22.19,25.38,2.32,4,Financial Services,SL_HIT,22.19,2026-06-11 00:00:00,SL,-4.15,13.0,4.0,MEDIUM,
2026-06-02 00:00:00,AARON.NS,BO-L,LONG,324.9,306.0,369.0,2.33,5,Industrials,SL_HIT,306.0,2026-06-03 00:00:00,SL,-5.82,1.0,7.0,HIGH,
2026-06-02 00:00:00,IZMO.NS,BO-L,LONG,827.8,775.87,948.96,2.33,5,Technology,TP_HIT,948.96,2026-06-08 00:00:00,TP,14.64,6.0,7.0,HIGH,
2026-06-02 00:00:00,MANORAMA.NS,BO-L,LONG,1514.0,1421.36,1730.16,2.33,5,Consumer Defensive,EXPIRED,1581.2,2026-07-02,EXPIRED,4.44,30.0,9.0,HIGH,
2026-06-02 00:00:00,APOLLOHOSP.NS,PB-L,LONG,8089.5,7841.96,8667.09,2.33,6,Healthcare,TP_HIT,8667.09,2026-06-25 00:00:00,TP,7.14,23.0,7.0,HIGH,
2026-06-02 00:00:00,GVT&D.NS,PB-L,LONG,4781.0,4447.85,5558.36,2.33,6,Industrials,TP_HIT,5558.36,2026-06-19 00:00:00,TP,16.26,17.0,9.0,HIGH,
2026-06-02 00:00:00,NAM-INDIA.NS,PB-L,LONG,1089.9,1038.29,1210.33,2.33,6,Financial Services,SL_HIT,1038.29,2026-06-11 00:00:00,SL,-4.74,9.0,7.0,HIGH,
2026-06-02 00:00:00,A2ZINFRA.NS,BO-L,LONG,71.64,67.51,81.27,2.33,5,Other,SL_HIT,67.51,2026-06-03 00:00:00,SL,-5.76,1.0,5.0,MEDIUM,
2026-06-02 00:00:00,AARNAV.NS,BO-L,LONG,827.8,775.87,948.96,2.33,5,Other,SL_HIT,775.87,2026-06-03 00:00:00,SL,-6.27,1.0,0.0,LOW,
2026-06-02 00:00:00,BALAMINES.NS,BO-L,LONG,2016.1,1854.77,2392.54,2.33,5,Basic Materials,EXPIRED,2231.3,2026-07-02,EXPIRED,10.67,30.0,4.0,MEDIUM,
2026-06-02 00:00:00,BIRLACABLE.NS,BO-L,LONG,213.78,199.5,247.11,2.33,5,Technology,SL_HIT,199.5,2026-06-10 00:00:00,SL,-6.68,8.0,4.0,MEDIUM,
2026-06-02 00:00:00,DEEPINDS.NS,BO-L,LONG,518.8,482.93,602.5,2.33,5,Energy,SL_HIT,482.93,2026-06-23,SL,-6.91,21.0,7.0,HIGH,
2026-06-02 00:00:00,GAYAPROJ.NS,BO-L,LONG,20.61,19.09,24.15,2.33,5,Industrials,TP_HIT,24.15,2026-06-17 00:00:00,TP,17.18,15.0,6.0,MEDIUM,
2026-06-02 00:00:00,GOCLCORP.NS,BO-L,LONG,400.8,374.18,462.91,2.33,5,Basic Materials,EXPIRED,400.3,2026-07-02,EXPIRED,-0.12,30.0,4.0,MEDIUM,
2026-06-02 00:00:00,S&SPOWER.NS,BO-L,LONG,406.0,392.94,436.48,2.33,5,Industrials,SL_HIT,392.94,2026-06-04 00:00:00,SL,-3.22,2.0,5.0,MEDIUM,
2026-06-02 00:00:00,UNIVCABLES.NS,BO-L,LONG,1239.2,1122.65,1511.15,2.33,5,Industrials,SL_HIT,1122.65,2026-06-11 00:00:00,SL,-9.41,9.0,5.0,MEDIUM,
2026-06-03 00:00:00,ABSLAMC.NS,PB-L,LONG,1033.3,970.36,1180.15,2.33,7,Capital Markets,TP_HIT,1180.15,2026-06-19,TP,14.21,16.0,4.0,MEDIUM,
2026-06-03 00:00:00,MSPL.NS,PB-L,LONG,41.15,38.2,48.03,2.33,7,Basic Materials,EXPIRED,42.81,2026-07-03,EXPIRED,4.03,30.0,2.0,LOW,
2026-06-03 00:00:00,XPROINDIA.NS,PB-L,LONG,1152.6,1066.39,1353.75,2.33,7,Basic Materials,TP_HIT,1353.75,2026-06-16 00:00:00,TP,17.45,13.0,3.0,LOW,
2026-06-03 00:00:00,ADFFOODS.NS,BO-L,LONG,290.3,268.29,341.67,2.33,5,Consumer Defensive,SL_HIT,268.29,2026-06-11 00:00:00,SL,-7.58,8.0,7.0,HIGH,
2026-06-03 00:00:00,ATHERENERG.NS,BO-L,LONG,1022.05,956.82,1174.26,2.33,5,Consumer Cyclical,SL_HIT,956.82,2026-06-18 00:00:00,SL,-6.38,15.0,5.0,MEDIUM,
2026-06-03 00:00:00,BHAGYANGR.NS,BO-L,LONG,339.35,311.1,405.26,2.33,5,Basic Materials,SL_HIT,311.1,2026-06-05 00:00:00,SL,-8.32,2.0,6.0,MEDIUM,
2026-06-03 00:00:00,CHENNPETRO.NS,BO-L,LONG,1189.8,1125.04,1340.91,2.33,5,Energy,SL_HIT,1125.04,2026-06-12 00:00:00,SL,-5.44,9.0,4.0,MEDIUM,
2026-06-03 00:00:00,CONFIPET.NS,BO-L,LONG,76.79,69.75,93.21,2.33,5,Energy,SL_HIT,69.75,2026-06-12 00:00:00,SL,-9.17,9.0,1.0,LOW,
2026-06-03 00:00:00,J&KBANK.NS,BO-L,LONG,148.65,141.36,165.65,2.33,5,Financial Services,TP_HIT,165.65,2026-06-18,TP,11.44,15.0,4.0,MEDIUM,
2026-06-03 00:00:00,SOUTHBANK.NS,BO-L,LONG,43.6,41.69,48.05,2.33,5,Banking - Private,TP_HIT,48.05,2026-06-15 00:00:00,TP,10.21,12.0,3.0,LOW,
2026-06-03 00:00:00,WELCORP.NS,BO-L,LONG,1413.6,1347.16,1568.63,2.33,5,Infrastructure,SL_HIT,1347.16,2026-06-08 00:00:00,SL,-4.7,5.0,5.0,MEDIUM,
2026-06-03 00:00:00,JAYBARMARU.NS,BO-L,LONG,127.71,117.75,150.95,2.33,4,Consumer Cyclical,TP_HIT,150.95,2026-06-15 00:00:00,TP,18.2,12.0,8.0,HIGH,
2026-06-04 00:00:00,BAJAJ-AUTO.NS,PB-L,LONG,10362.0,9998.47,11210.25,2.33,6,Auto OEM,SL_HIT,9998.47,2026-06-12 00:00:00,SL,-3.51,8.0,8.0,HIGH,
2026-06-04 00:00:00,KIMS.NS,PB-L,LONG,764.9,724.65,858.81,2.33,6,Healthcare,EXPIRED,850.65,2026-07-03,EXPIRED,11.21,29.0,4.0,MEDIUM,
2026-06-04 00:00:00,AFIL.NS,BO-L,LONG,10.37,9.7,11.92,2.31,5,Financial Services,SL_HIT,9.7,2026-06-10 00:00:00,SL,-6.46,6.0,4.0,MEDIUM,
2026-06-04 00:00:00,APCOTEXIND.NS,BO-L,LONG,538.35,504.63,617.02,2.33,5,Basic Materials,TP_HIT,617.02,2026-06-05 00:00:00,TP,14.61,1.0,7.0,HIGH,
2026-06-04 00:00:00,AZAD.NS,BO-L,LONG,2200.5,2051.91,2547.2,2.33,5,Industrials,SL_HIT,2051.91,2026-06-23,SL,-6.75,19.0,6.0,MEDIUM,
2026-06-04 00:00:00,CEMPRO.NS,BO-L,LONG,1127.3,1048.3,1311.63,2.33,5,Industrials,TP_HIT,1311.63,2026-06-30,TP,16.35,26.0,5.0,MEDIUM,
2026-06-04 00:00:00,CUPID.NS,BO-L,LONG,133.09,126.25,149.05,2.33,5,Consumer Defensive,TP_HIT,149.05,2026-06-10 00:00:00,TP,11.99,6.0,7.0,HIGH,
2026-06-04 00:00:00,HSCL.NS,BO-L,LONG,642.0,599.88,740.29,2.33,5,Basic Materials,EXPIRED,680.65,2026-07-03,EXPIRED,6.02,29.0,3.0,LOW,
2026-06-04 00:00:00,JINDALSAW.NS,BO-L,LONG,260.0,244.82,295.43,2.33,5,Infrastructure,SL_HIT,244.82,2026-06-08 00:00:00,SL,-5.84,4.0,5.0,MEDIUM,
2026-06-04 00:00:00,JNKINDIA.NS,BO-L,LONG,421.6,386.68,503.09,2.33,5,Industrials,TP_HIT,503.09,2026-06-10 00:00:00,TP,19.33,6.0,6.0,MEDIUM,
2026-06-04 00:00:00,NITINSPIN.NS,BO-L,LONG,541.55,509.18,617.09,2.33,5,Consumer Cyclical,TP_HIT,617.09,2026-06-05 00:00:00,TP,13.95,1.0,6.0,MEDIUM,
2026-06-04 00:00:00,PARAS.NS,BO-L,LONG,893.8,830.6,1041.27,2.33,5,Industrials,TP_HIT,1041.27,2026-06-09 00:00:00,TP,16.5,5.0,6.0,MEDIUM,
2026-06-04 00:00:00,USHAMART.NS,BO-L,LONG,519.8,493.3,581.64,2.33,5,Basic Materials,SL_HIT,493.3,2026-06-08 00:00:00,SL,-5.1,4.0,5.0,MEDIUM,
2026-06-04 00:00:00,V2RETAIL.NS,BO-L,LONG,256.4,239.85,295.01,2.33,5,Consumer Cyclical,SL_HIT,239.85,2026-06-08 00:00:00,SL,-6.45,4.0,6.0,MEDIUM,
2026-06-04 00:00:00,VIJAYA.NS,BO-L,LONG,1359.4,1270.92,1565.86,2.33,5,Healthcare,SL_HIT,1270.92,2026-06-10 00:00:00,SL,-6.51,6.0,7.0,HIGH,
2026-06-04 00:00:00,WELENT.NS,BO-L,LONG,540.75,511.59,608.8,2.33,5,Industrials,TP_HIT,608.8,2026-06-30 00:00:00,TP,12.58,26.0,4.0,MEDIUM,
2026-06-04 00:00:00,JBMA.NS,BO-L,LONG,692.8,651.42,789.36,2.33,4,Auto Ancillaries,SL_HIT,651.42,2026-06-08 00:00:00,SL,-5.97,4.0,3.0,LOW,
2026-06-05 00:00:00,IGIL.NS,PB-L,LONG,368.4,348.68,414.41,2.33,6,Basic Materials,SL_HIT,348.68,2026-06-24,SL,-5.35,19.0,5.0,MEDIUM,
2026-06-05 00:00:00,ACUTAAS.NS,BO-L,LONG,3328.3,3150.54,3743.07,2.33,5,Basic Materials,SL_HIT,3150.54,2026-06-11 00:00:00,SL,-5.34,6.0,8.0,HIGH,
2026-06-05 00:00:00,ADANIENSOL.NS,BO-L,LONG,1579.0,1486.3,1795.31,2.33,5,Utilities,SL_HIT,1486.3,2026-06-11 00:00:00,SL,-5.87,6.0,4.0,MEDIUM,
2026-06-05 00:00:00,EQUITASBNK.NS,BO-L,LONG,73.95,70.37,82.3,2.33,5,Banking - Private,EXPIRED,76.3,2026-07-03,EXPIRED,3.18,28.0,1.0,LOW,
2026-06-05 00:00:00,HINDOILEXP.NS,BO-L,LONG,174.66,163.82,199.96,2.33,5,Energy,SL_HIT,163.82,2026-06-11 00:00:00,SL,-6.21,6.0,3.0,LOW,
2026-06-05 00:00:00,INOXINDIA.NS,BO-L,LONG,1578.8,1483.64,1800.85,2.33,5,Industrials,TP_HIT,1800.85,2026-06-10 00:00:00,TP,14.06,5.0,7.0,HIGH,
2026-06-05 00:00:00,VASWANI.NS,BO-L,LONG,61.04,56.54,71.55,2.34,5,Basic Materials,SL_HIT,56.54,2026-06-12 00:00:00,SL,-7.37,7.0,2.0,LOW,
2026-06-05 00:00:00,WABAG.NS,BO-L,LONG,1600.4,1529.99,1764.7,2.33,5,Industrials,SL_HIT,1529.99,2026-06-11 00:00:00,SL,-4.4,6.0,7.0,HIGH,
2026-06-08 00:00:00,VIJIFIN.NS,PB-L,LONG,3.99,3.66,4.77,2.36,7,Financial Services,TP_HIT,4.77,2026-06-23 00:00:00,TP,19.55,15.0,6.0,MEDIUM,
2026-06-08 00:00:00,JGCHEM.NS,PB-L,LONG,424.6,397.35,488.18,2.33,6,Basic Materials,EXPIRED,433.75,2026-07-08,EXPIRED,2.15,30.0,4.0,MEDIUM,
2026-06-08 00:00:00,CAPLIPOINT.NS,BO-L,LONG,2111.0,2011.13,2344.03,2.33,5,Healthcare,TP_HIT,2344.03,2026-06-10 00:00:00,TP,11.04,2.0,6.0,MEDIUM,
2026-06-08 00:00:00,DLINKINDIA.NS,BO-L,LONG,490.1,467.7,542.37,2.33,5,Technology,TP_HIT,542.37,2026-07-08 00:00:00,TP,10.67,30.0,6.0,MEDIUM,
2026-06-08 00:00:00,GULPOLY.NS,BO-L,LONG,213.38,198.31,248.53,2.33,5,Basic Materials,SL_HIT,198.31,2026-06-24 00:00:00,SL,-7.06,16.0,6.0,MEDIUM,
2026-06-08 00:00:00,UFBL.NS,BO-L,LONG,541.95,487.17,669.77,2.33,5,Consumer Cyclical,TP_HIT,669.77,2026-06-22 00:00:00,TP,23.59,14.0,1.0,LOW,
2026-06-08 00:00:00,ZYDUSWELL.NS,BO-L,LONG,523.5,494.92,590.18,2.33,5,Consumer Defensive,SL_HIT,494.92,2026-06-11 00:00:00,SL,-5.46,3.0,6.0,MEDIUM,
2026-06-09 00:00:00,NAM-INDIA.NS,PB-L,LONG,1084.8,1023.18,1228.58,2.33,7,Financial Services,TP_HIT,1228.58,2026-07-02 00:00:00,TP,13.25,23.0,7.0,HIGH,
2026-06-09 00:00:00,SOUTHWEST.NS,PB-L,LONG,260.15,236.24,315.94,2.33,7,Energy,SL_HIT,236.24,2026-06-11 00:00:00,SL,-9.19,2.0,7.0,HIGH,
2026-06-09 00:00:00,STARHEALTH.NS,PB-L,LONG,521.4,500.49,570.19,2.33,7,Insurance,TP_HIT,570.19,2026-06-18 00:00:00,TP,9.36,9.0,2.0,LOW,
2026-06-09 00:00:00,ABSLAMC.NS,PB-L,LONG,1062.4,1007.45,1190.62,2.33,6,Capital Markets,TP_HIT,1190.62,2026-06-22,TP,12.07,13.0,4.0,MEDIUM,
2026-06-09 00:00:00,MBAPL.NS,PB-L,LONG,110.78,104.926,124.438,2.33,6,Basic Materials,TP_HIT,124.44,2026-07-03,TP,12.33,24.0,4.0,MEDIUM,5.0
2026-06-09 00:00:00,NETWEB.NS,PB-L,LONG,4428.2,4054.77,5299.53,2.33,6,IT - Mid & Small,SL_HIT,4054.77,2026-06-11 00:00:00,SL,-8.43,2.0,6.0,MEDIUM,
2026-06-09 00:00:00,VOLTAMP.NS,PB-L,LONG,10004.0,9403.39,11405.42,2.33,6,Capital Goods,SL_HIT,9403.39,2026-07-08 00:00:00,SL,-6.0,29.0,5.0,MEDIUM,
2026-06-09 00:00:00,ASTERDM.NS,BO-L,LONG,790.35,754.41,874.21,2.33,5,Healthcare,SL_HIT,754.41,2026-06-29 00:00:00,SL,-4.55,20.0,5.0,MEDIUM,
2026-06-09 00:00:00,DCMNVL.NS,BO-L,LONG,166.0,154.71,192.35,2.33,5,Consumer Cyclical,SL_HIT,154.71,2026-06-16 00:00:00,SL,-6.8,7.0,4.0,MEDIUM,
2026-06-09 00:00:00,DEEPAKFERT.NS,BO-L,LONG,1518.6,1436.72,1709.66,2.33,5,Chemicals,EXPIRED,1546.2,2026-07-09,EXPIRED,1.82,30.0,5.0,MEDIUM,
2026-06-09 00:00:00,EUROTEXIND.NS,BO-L,LONG,18.62,16.65,23.21,2.33,5,Real Estate,TP_HIT,23.21,2026-06-11 00:00:00,TP,24.65,2.0,2.0,LOW,
2026-06-09 00:00:00,GRWRHITECH.NS,BO-L,LONG,6225.0,5781.83,7259.06,2.33,5,Basic Materials,EXPIRED,6922.0,2026-07-09,EXPIRED,11.2,30.0,4.0,MEDIUM,
2026-06-09 00:00:00,HINDOILEXP.NS,BO-L,LONG,183.03,171.74,209.37,2.33,5,Energy,SL_HIT,171.74,2026-06-11 00:00:00,SL,-6.17,2.0,3.0,LOW,
2026-06-09 00:00:00,INNOVACAP.NS,BO-L,LONG,914.7,861.44,1038.98,2.33,5,Healthcare,EXPIRED,990.85,2026-07-09,EXPIRED,8.33,30.0,6.0,MEDIUM,
2026-06-09 00:00:00,J&KBANK.NS,BO-L,LONG,156.98,149.23,175.06,2.33,5,Financial Services,EXPIRED,168.41,2026-07-09,EXPIRED,7.28,30.0,4.0,MEDIUM,
2026-06-09 00:00:00,KRISHNADEF.NS,BO-L,LONG,1240.8,1129.24,1501.1,2.33,5,Industrials,EXPIRED,1314.3,2026-07-09,EXPIRED,5.92,30.0,6.0,MEDIUM,
2026-06-09 00:00:00,MIDHANI.NS,BO-L,LONG,450.35,419.95,521.28,2.33,5,Defence & Railways,SL_HIT,419.95,2026-06-25 00:00:00,SL,-6.75,16.0,5.0,MEDIUM,
2026-06-09 00:00:00,SHIVAUM.NS,BO-L,LONG,355.75,344.65,381.65,2.33,5,Basic Materials,SL_HIT,344.65,2026-06-12 00:00:00,SL,-3.12,3.0,3.0,LOW,
2026-06-09 00:00:00,SOUTHBANK.NS,BO-L,LONG,45.74,43.56,50.83,2.33,5,Banking - Private,SL_HIT,43.56,2026-07-08 00:00:00,SL,-4.77,29.0,3.0,LOW,
2026-06-09 00:00:00,SSWL.NS,BO-L,LONG,234.6,220.17,268.26,2.33,5,Consumer Cyclical,EXPIRED,240.05,2026-07-09,EXPIRED,2.32,30.0,3.0,LOW,
2026-06-09 00:00:00,STEL.NS,BO-L,LONG,524.85,491.66,602.3,2.33,5,Financial Services,TP_HIT,602.3,2026-06-15 00:00:00,TP,14.76,6.0,5.0,MEDIUM,
2026-06-09 00:00:00,VASWANI.NS,BO-L,LONG,62.25,57.45,73.45,2.33,5,Basic Materials,SL_HIT,57.45,2026-06-11 00:00:00,SL,-7.71,2.0,2.0,LOW,
2026-06-09 00:00:00,ZIMLAB.NS,BO-L,LONG,113.05,103.87,134.48,2.33,5,Healthcare,EXPIRED,115.93,2026-07-09,EXPIRED,2.55,30.0,2.0,LOW,
2026-06-10 00:00:00,WELINV.NS,PB-L,LONG,1800.0,1683.76,2071.23,2.33,7,Financial Services,EXPIRED,1800.0,2026-07-10,EXPIRED,0.0,30.0,1.0,LOW,
2026-06-10 00:00:00,AKUMS.NS,BO-L,LONG,592.1,560.07,666.83,2.33,5,Healthcare,TP_HIT,666.83,2026-07-08 00:00:00,TP,12.62,28.0,4.0,MEDIUM,
2026-06-10 00:00:00,CARYSIL.NS,BO-L,LONG,1191.9,1107.31,1389.28,2.33,5,Consumer Cyclical,SL_HIT,1107.31,2026-07-08 00:00:00,SL,-7.1,28.0,6.0,MEDIUM,
2026-06-10 00:00:00,GAYAPROJ.NS,BO-L,LONG,21.75,20.22,25.31,2.33,5,Industrials,TP_HIT,25.31,2026-06-18 00:00:00,TP,16.37,8.0,6.0,MEDIUM,
2026-06-10 00:00:00,NEOGEN.NS,BO-L,LONG,1995.3,1855.96,2320.44,2.33,5,Chemicals,SL_HIT,1855.96,2026-06-29,SL,-6.98,19.0,3.0,LOW,
2026-06-10 00:00:00,WELENT.NS,BO-L,LONG,556.1,527.45,622.95,2.33,5,Industrials,SL_HIT,527.45,2026-06-11 00:00:00,SL,-5.15,1.0,4.0,MEDIUM,
2026-06-10 00:00:00,DIFFNKG.NS,BO-L,LONG,346.5,324.33,398.23,2.33,4,Industrials,TP_HIT,398.23,2026-06-24,TP,14.93,14.0,7.0,HIGH,
2026-06-11 00:00:00,AFIL.NS,PB-L,LONG,9.83,9.05,11.64,2.32,7,Financial Services,EXPIRED,9.75,2026-07-10,EXPIRED,-0.81,29.0,4.0,MEDIUM,
2026-06-11 00:00:00,ELECON.NS,PB-L,LONG,528.1,495.52,604.11,2.33,6,Capital Goods,SL_HIT,495.52,2026-07-08 00:00:00,SL,-6.17,27.0,3.0,LOW,
2026-06-11 00:00:00,ABDL.NS,BO-L,LONG,608.45,574.38,687.94,2.33,5,Consumer Defensive,TP_HIT,687.94,2026-07-06,TP,13.06,25.0,5.0,MEDIUM,
2026-06-11 00:00:00,AJANTPHARM.NS,BO-L,LONG,3143.4,2995.48,3488.54,2.33,5,Pharma,TP_HIT,3488.54,2026-07-01 00:00:00,TP,10.98,20.0,6.0,MEDIUM,
2026-06-11 00:00:00,APARINDS.NS,BO-L,LONG,14551.0,13665.65,16616.81,2.33,5,Industrials,TP_HIT,16616.81,2026-06-18 00:00:00,TP,14.2,7.0,3.0,LOW,
2026-06-11 00:00:00,JBCHEPHARM.NS,BO-L,LONG,2252.7,2162.15,2463.98,2.33,5,Pharma,TP_HIT,2463.98,2026-07-08,TP,9.38,27.0,4.0,MEDIUM,
2026-06-11 00:00:00,LOTUSEYE.NS,BO-L,LONG,134.23,123.12,160.16,2.33,5,Healthcare,SL_HIT,123.12,2026-06-23,SL,-8.28,12.0,2.0,LOW,
2026-06-12 00:00:00,BANDHANBNK.NS,PB-L,LONG,204.6,194.57,228.01,2.33,7,Banking - Private,EXPIRED,210.0,2026-07-10,EXPIRED,2.64,28.0,1.0,LOW,
2026-06-12 00:00:00,CARBORUNIV.NS,PB-L,LONG,1053.1,993.42,1192.36,2.33,7,Capital Goods,TP_HIT,1192.36,2026-06-18,TP,13.22,6.0,3.0,LOW,
2026-06-12 00:00:00,E2E.NS,PB-L,LONG,386.4,354.48,460.88,2.33,7,Technology,TP_HIT,460.88,2026-06-23,TP,19.28,11.0,2.0,LOW,
2026-06-12 00:00:00,STEELXIND.NS,PB-L,LONG,11.49,10.43,13.95,2.32,7,Basic Materials,EXPIRED,12.01,2026-07-10,EXPIRED,4.53,28.0,6.0,MEDIUM,
2026-06-12 00:00:00,VIJAYA.NS,PB-L,LONG,1287.2,1202.21,1485.51,2.33,7,Healthcare,EXPIRED,1389.1,2026-07-10,EXPIRED,7.92,28.0,7.0,HIGH,
2026-06-12 00:00:00,AZAD.NS,PB-L,LONG,2150.1,2003.76,2491.57,2.33,6,Industrials,SL_HIT,2003.76,2026-06-24,SL,-6.81,12.0,6.0,MEDIUM,
2026-06-12 00:00:00,KIRLPNU.NS,PB-L,LONG,1606.0,1508.51,1833.47,2.33,6,Industrials,SL_HIT,1508.51,2026-06-15 00:00:00,SL,-6.07,3.0,7.0,HIGH,
2026-06-12 00:00:00,MMTC.NS,PB-L,LONG,68.06,63.66,78.33,2.33,6,Industrials,TP_HIT,78.33,2026-06-17 00:00:00,TP,15.09,5.0,9.0,HIGH,
2026-06-12 00:00:00,NETWEB.NS,PB-L,LONG,4587.4,4197.18,5497.9,2.33,6,IT - Mid & Small,SL_HIT,4197.18,2026-07-08 00:00:00,SL,-8.51,26.0,6.0,MEDIUM,
2026-06-12 00:00:00,A2ZINFRA.NS,BO-L,LONG,644.45,608.69,727.89,2.33,5,Other,SL_HIT,608.69,2026-06-15 00:00:00,SL,-5.55,3.0,5.0,MEDIUM,
2026-06-12 00:00:00,AEROENTER.NS,BO-L,LONG,109.78,101.77,128.47,2.33,5,Basic Materials,TP_HIT,128.47,2026-06-18 00:00:00,TP,17.02,6.0,6.0,MEDIUM,
2026-06-12 00:00:00,AEROFLEX.NS,BO-L,LONG,448.1,407.35,543.19,2.33,5,Electronics & EMS,SL_HIT,407.35,2026-07-08 00:00:00,SL,-9.09,26.0,5.0,MEDIUM,
2026-06-12 00:00:00,BANCOINDIA.NS,BO-L,LONG,689.55,647.84,786.88,2.33,5,Consumer Cyclical,EXPIRED,681.85,2026-07-10,EXPIRED,-1.12,28.0,8.0,HIGH,
2026-06-12 00:00:00,CGCL.NS,BO-L,LONG,208.48,199.29,229.92,2.33,5,Financial Services,TP_HIT,229.92,2026-06-30 00:00:00,TP,10.28,18.0,6.0,MEDIUM,
2026-06-12 00:00:00,DJML.NS,BO-L,LONG,113.47,105.94,131.05,2.33,5,Industrials,SL_HIT,105.94,2026-06-16 00:00:00,SL,-6.64,4.0,5.0,MEDIUM,
2026-06-12 00:00:00,IFCI.NS,BO-L,LONG,84.57,77.75,100.49,2.33,5,Financial Services,SL_HIT,77.75,2026-06-25 00:00:00,SL,-8.06,13.0,4.0,MEDIUM,
2026-06-12 00:00:00,NGLFINE.NS,BO-L,LONG,3048.8,2730.37,3791.79,2.33,5,Healthcare,EXPIRED,3193.6,2026-07-10,EXPIRED,4.75,28.0,7.0,HIGH,
2026-06-12 00:00:00,POWERMECH.NS,BO-L,LONG,2789.5,2633.8,3152.79,2.33,5,Industrials,SL_HIT,2633.8,2026-07-03 00:00:00,SL,-5.58,21.0,7.0,HIGH,
2026-06-12 00:00:00,SENORES.NS,BO-L,LONG,1290.0,1197.85,1505.01,2.33,5,Healthcare,EXPIRED,1417.8,2026-07-10,EXPIRED,9.91,28.0,7.0,HIGH,
2026-06-12 00:00:00,SOUTHBANK.NS,BO-L,LONG,46.66,44.46,51.78,2.33,5,Banking - Private,SL_HIT,44.46,2026-07-08 00:00:00,SL,-4.71,26.0,3.0,LOW,
2026-06-15 00:00:00,WELINV.NS,PB-L,LONG,1780.0,1665.82,2046.43,2.33,7,Other,EXPIRED,1825.0,2026-07-15,EXPIRED,2.53,30.0,1.0,LOW,
2026-06-15 00:00:00,SUTLEJTEX.NS,PB-L,LONG,37.59,34.8,44.09,2.33,6,Consumer Cyclical,EXPIRED,37.01,2026-07-15,EXPIRED,-1.54,30.0,2.0,LOW,
2026-06-15 00:00:00,ANGELONE.NS,BO-L,LONG,352.3,333.11,397.07,2.33,5,Capital Markets,SL_HIT,333.11,2026-06-29 00:00:00,SL,-5.45,14.0,4.0,MEDIUM,
2026-06-15 00:00:00,CAPITALSFB.NS,BO-L,LONG,289.95,277.04,320.07,2.33,5,Financial Services,SL_HIT,277.04,2026-06-30 00:00:00,SL,-4.45,15.0,3.0,LOW,
2026-06-15 00:00:00,CRAFTSMAN.NS,BO-L,LONG,9337.0,8843.49,10488.52,2.33,5,Auto Ancillaries,EXPIRED,9230.5,2026-07-15,EXPIRED,-1.14,30.0,7.0,HIGH,
2026-06-15 00:00:00,DIVGIITTS.NS,BO-L,LONG,869.2,812.33,1001.9,2.33,5,Auto Ancillaries,TP_HIT,1001.9,2026-06-30 00:00:00,TP,15.27,15.0,6.0,MEDIUM,
2026-06-15 00:00:00,EQUITASBNK.NS,BO-L,LONG,78.46,74.34,88.07,2.33,5,Banking - Private,SL_HIT,74.34,2026-06-25 00:00:00,SL,-5.25,10.0,1.0,LOW,
2026-06-15 00:00:00,GRINDWELL.NS,BO-L,LONG,2023.1,1922.25,2258.42,2.33,5,Auto Ancillaries,TP_HIT,2258.42,2026-06-25 00:00:00,TP,11.63,10.0,7.0,HIGH,
2026-06-15 00:00:00,HNDFDS.NS,BO-L,LONG,557.7,531.41,619.04,2.33,5,Industrials,SL_HIT,531.41,2026-07-07 00:00:00,SL,-4.71,22.0,5.0,MEDIUM,
2026-06-15 00:00:00,MOTILALOFS.NS,BO-L,LONG,939.45,891.6,1051.09,2.33,5,Capital Markets,EXPIRED,967.45,2026-07-15,EXPIRED,2.98,30.0,6.0,MEDIUM,
2026-06-15 00:00:00,NUVAMA.NS,BO-L,LONG,1660.9,1578.54,1853.08,2.33,5,Capital Markets,TP_HIT,1853.08,2026-07-03,TP,11.57,18.0,3.0,LOW,
2026-06-15 00:00:00,QPOWER.NS,BO-L,LONG,1282.1,1184.16,1510.63,2.33,5,Industrials,TP_HIT,1510.63,2026-06-16 00:00:00,TP,17.82,1.0,7.0,HIGH,
2026-06-15 00:00:00,RAINBOW.NS,BO-L,LONG,1418.6,1362.9,1548.57,2.33,5,Healthcare,SL_HIT,1362.9,2026-06-16 00:00:00,SL,-3.93,1.0,6.0,MEDIUM,
2026-06-15 00:00:00,RBLBANK.NS,BO-L,LONG,372.65,356.32,410.75,2.33,5,Banking - Private,SL_HIT,356.32,2026-07-02,SL,-4.38,17.0,2.0,LOW,
2026-06-15 00:00:00,SANGHVIMOV.NS,BO-L,LONG,420.85,392.51,486.97,2.33,5,Industrials,SL_HIT,392.51,2026-06-16 00:00:00,SL,-6.73,1.0,7.0,HIGH,
2026-06-15 00:00:00,SCPL.NS,BO-L,LONG,515.3,473.36,613.17,2.33,5,Consumer Defensive,SL_HIT,473.36,2026-06-16 00:00:00,SL,-8.14,1.0,7.0,HIGH,
2026-06-15 00:00:00,SHRIPISTON.NS,BO-L,LONG,3741.9,3547.14,4196.33,2.33,5,Consumer Cyclical,TP_HIT,4196.33,2026-06-30,TP,12.14,15.0,5.0,MEDIUM,
2026-06-15 00:00:00,SJS.NS,BO-L,LONG,2203.8,2085.39,2480.09,2.33,5,Consumer Cyclical,EXPIRED,2171.3,2026-07-15,EXPIRED,-1.47,30.0,9.0,HIGH,
2026-06-15 00:00:00,YESBANK.NS,BO-L,LONG,23.78,22.78,26.12,2.34,5,Financial Services,EXPIRED,23.6,2026-07-15,EXPIRED,-0.76,30.0,4.0,MEDIUM,
2026-06-15 00:00:00,EPL.NS,BO-L,LONG,226.87,215.75,252.82,2.33,4,Consumer Cyclical,EXPIRED,238.23,2026-07-15,EXPIRED,5.01,30.0,6.0,MEDIUM,
2026-06-15 00:00:00,RADICO.NS,BO-L,LONG,3592.0,3457.68,3905.42,2.33,4,Consumer & FMCG,TP_HIT,3905.42,2026-06-29,TP,8.73,14.0,7.0,HIGH,
2026-06-15 00:00:00,WABAG.NS,BO-L,LONG,1629.1,1549.94,1813.8,2.33,4,Industrials,TP_HIT,1813.8,2026-06-18,TP,11.34,3.0,7.0,HIGH,
2026-06-16 00:00:00,MEDANTA.NS,PB-L,LONG,1236.1,1181.24,1364.1,2.33,6,Healthcare,TP_HIT,1364.1,2026-06-17 00:00:00,TP,10.36,1.0,6.0,MEDIUM,
2026-06-16 00:00:00,SVPGLOB.NS,PB-L,LONG,4.04,3.67,4.91,2.35,6,Consumer Cyclical,EXPIRED,3.86,2026-07-16,EXPIRED,-4.46,30.0,2.0,LOW,
2026-06-16 00:00:00,ADFFOODS.NS,BO-L,LONG,301.25,280.04,350.74,2.33,5,Consumer Defensive,EXPIRED,302.4,2026-07-16,EXPIRED,0.38,30.0,7.0,HIGH,
2026-06-16 00:00:00,ASHIANA.NS,BO-L,LONG,389.1,366.47,441.91,2.33,5,Real Estate,EXPIRED,378.45,2026-07-16,EXPIRED,-2.74,30.0,6.0,MEDIUM,
2026-06-16 00:00:00,BANDHANBNK.NS,BO-L,LONG,216.74,205.92,241.99,2.33,5,Banking - Private,SL_HIT,205.92,2026-06-23 00:00:00,SL,-4.99,7.0,1.0,LOW,
2026-06-16 00:00:00,CREDITACC.NS,BO-L,LONG,1407.5,1342.59,1558.95,2.33,5,NBFC,TP_HIT,1558.95,2026-07-03 00:00:00,TP,10.76,17.0,4.0,MEDIUM,
2026-06-16 00:00:00,FOSECOIND.NS,BO-L,LONG,5239.4,4957.71,5896.69,2.33,5,Basic Materials,EXPIRED,5107.0,2026-07-16,EXPIRED,-2.53,30.0,4.0,MEDIUM,
2026-06-16 00:00:00,GENUSPOWER.NS,BO-L,LONG,328.9,310.75,371.25,2.33,5,Industrials,SL_HIT,310.75,2026-06-30 00:00:00,SL,-5.52,14.0,7.0,HIGH,
2026-06-16 00:00:00,GNFC.NS,BO-L,LONG,536.05,510.34,596.05,2.33,5,Chemicals,TP_HIT,596.05,2026-06-22 00:00:00,TP,11.19,6.0,5.0,MEDIUM,
2026-06-16 00:00:00,HARSHA.NS,BO-L,LONG,436.7,411.54,495.4,2.33,5,Industrials,SL_HIT,411.54,2026-06-29 00:00:00,SL,-5.76,13.0,5.0,MEDIUM,
2026-06-16 00:00:00,KPIL.NS,BO-L,LONG,1365.7,1297.01,1525.98,2.33,5,Infrastructure,SL_HIT,1297.01,2026-07-14 00:00:00,SL,-5.03,28.0,8.0,HIGH,
2026-06-16 00:00:00,LLOYDSENGG.NS,BO-L,LONG,79.94,74.31,93.07,2.33,5,Industrials,TP_HIT,93.07,2026-07-13 00:00:00,TP,16.42,27.0,5.0,MEDIUM,
2026-06-16 00:00:00,MMTC.NS,BO-L,LONG,75.74,70.65,87.62,2.33,5,Industrials,SL_HIT,70.65,2026-06-25 00:00:00,SL,-6.72,9.0,9.0,HIGH,
2026-06-16 00:00:00,NAZARA.NS,BO-L,LONG,301.15,285.9,336.74,2.33,5,Consumer & FMCG,EXPIRED,308.05,2026-07-16,EXPIRED,2.29,30.0,6.0,MEDIUM,
2026-06-16 00:00:00,PREMEXPLN.NS,BO-L,LONG,737.8,673.48,887.89,2.33,5,Basic Materials,SL_HIT,673.48,2026-07-13 00:00:00,SL,-8.72,27.0,5.0,MEDIUM,
2026-06-16 00:00:00,PYRAMID.NS,BO-L,LONG,173.33,162.06,199.62,2.33,5,Consumer Cyclical,SL_HIT,162.06,2026-07-07,SL,-6.5,21.0,4.0,MEDIUM,
2026-06-16 00:00:00,RML.NS,BO-L,LONG,979.55,932.08,1090.31,2.33,5,Consumer Cyclical,TP_HIT,1090.31,2026-06-19,TP,11.31,3.0,5.0,MEDIUM,
2026-06-16 00:00:00,AADHARHFC.NS,BO-L,LONG,2047.3,1941.02,2295.28,2.33,4,Other,SL_HIT,1941.02,2026-06-17 00:00:00,SL,-5.19,1.0,6.0,MEDIUM,
2026-06-17,PRIMESECU.NS,PB-L,LONG,292.15,274.21,334.0,2.33,7,Security Services,SL_HIT,274.21,2026-07-08 00:00:00,SL,-6.14,21.0,3.0,LOW,
2026-06-17,BAFNAPH.NS,PB-L,LONG,156.79,140.51,194.77,2.33,6,Healthcare,TP_HIT,194.77,2026-06-29 00:00:00,TP,24.22,12.0,6.0,MEDIUM,
2026-06-17,DATAPATTNS.NS,BO-L,LONG,4769.6,4409.84,5609.04,2.33,5,Defence & Railways,SL_HIT,4409.84,2026-06-29 00:00:00,SL,-7.54,12.0,8.0,HIGH,
2026-06-17,E2E.NS,BO-L,LONG,1130.3,1070.17,1270.6,2.33,5,Technology,DATA_ERROR,,2026-06-18 00:00:00,PRICE_MISMATCH_2.93x,,1.0,2.0,LOW,
2026-06-17,GOLDIAM.NS,BO-L,LONG,500.0,463.74,584.62,2.33,5,Consumer Cyclical,SL_HIT,463.74,2026-06-24 00:00:00,SL,-7.25,7.0,5.0,MEDIUM,
2026-06-17,KANORICHEM.NS,BO-L,LONG,109.51,101.27,128.73,2.33,5,Basic Materials,TP_HIT,128.73,2026-06-23 00:00:00,TP,17.55,6.0,1.0,LOW,
2026-06-17,LLOYDSENT.NS,BO-L,LONG,75.61,70.48,87.58,2.33,5,Basic Materials,SL_HIT,70.48,2026-07-08 00:00:00,SL,-6.78,21.0,4.0,MEDIUM,
2026-06-17,LMW.NS,BO-L,LONG,16410.0,15706.68,18051.09,2.33,5,Industrials,SL_HIT,15706.68,2026-06-30 00:00:00,SL,-4.29,13.0,5.0,MEDIUM,
2026-06-17,MTARTECH.NS,BO-L,LONG,8319.0,7494.39,10243.09,2.33,5,Industrials,SL_HIT,7494.39,2026-06-30 00:00:00,SL,-9.91,13.0,7.0,HIGH,
2026-06-17,POLYCAB.NS,BO-L,LONG,9926.5,9595.18,10699.59,2.33,5,Capital Goods,SL_HIT,9595.18,2026-06-25 00:00:00,SL,-3.34,8.0,8.0,HIGH,
2026-06-17,PYRAMID.NS,BO-L,LONG,765.95,702.11,914.92,2.33,5,Consumer Cyclical,DATA_ERROR,,2026-06-18 00:00:00,PRICE_MISMATCH_4.34x,,1.0,4.0,MEDIUM,
2026-06-17,QPOWER.NS,BO-L,LONG,1726.7,1642.65,1922.81,2.33,5,Industrials,DATA_ERROR,,2026-06-18 00:00:00,PRICE_MISMATCH_1.38x,,1.0,7.0,HIGH,
2026-06-17,RICOAUTO.NS,BO-L,LONG,143.29,132.69,168.02,2.33,5,Consumer Cyclical,SL_HIT,132.69,2026-06-29 00:00:00,SL,-7.4,12.0,4.0,MEDIUM,
2026-06-17,RML.NS,BO-L,LONG,176.49,165.55,202.01,2.33,5,Consumer Cyclical,DATA_ERROR,,2026-06-18 00:00:00,PRICE_MISMATCH_0.18x,,1.0,5.0,MEDIUM,
2026-06-17,WALCHANNAG.NS,BO-L,LONG,280.05,255.22,337.98,2.33,5,Industrials,SL_HIT,255.22,2026-07-01 00:00:00,SL,-8.87,14.0,3.0,LOW,
2026-06-17,VBL.NS,BO-L,LONG,544.05,523.81,591.28,2.33,4,Consumer & FMCG,SL_HIT,523.81,2026-06-22 00:00:00,SL,-3.72,5.0,5.0,MEDIUM,
2026-06-18,DIVISLAB.NS,PB-L,LONG,6767.0,6547.48,7279.2,2.33,6,Pharma - Large Cap,SL_HIT,6547.48,2026-06-29 00:00:00,SL,-3.24,11.0,6.0,MEDIUM,
2026-06-18,JBCHEPHARM.NS,PB-L,LONG,2198.5,2116.61,2389.57,2.33,6,Pharma,TP_HIT,2389.57,2026-07-06 00:00:00,TP,8.69,18.0,4.0,MEDIUM,
2026-06-18,AVL.NS,BO-L,LONG,617.45,582.87,698.15,2.33,5,Consumer Cyclical,TP_HIT,698.15,2026-06-25 00:00:00,TP,13.07,7.0,5.0,MEDIUM,
2026-06-18,BOSCHLTD.NS,BO-L,LONG,40035.0,38408.8,43829.46,2.33,5,Auto Ancillaries,EXPIRED,41110.0,2026-07-18 00:00:00,EXPIRED,2.69,30.0,6.0,MEDIUM,
2026-06-18,FAZE3Q.NS,BO-L,LONG,582.5,547.91,663.2,2.33,5,Consumer Cyclical,EXPIRED,565.35,2026-07-18 00:00:00,EXPIRED,-2.94,30.0,4.0,MEDIUM,
2026-06-18,FINCABLES.NS,BO-L,LONG,1158.6,1081.41,1338.7,2.33,5,Industrials,SL_HIT,1081.41,2026-07-07 00:00:00,SL,-6.66,19.0,1.0,LOW,
2026-06-18,FINEORG.NS,BO-L,LONG,5150.9,4930.0,5666.34,2.33,5,Chemicals,SL_HIT,4930.0,2026-07-08 00:00:00,SL,-4.29,20.0,4.0,MEDIUM,
2026-06-18,FLUOROCHEM.NS,BO-L,LONG,3837.5,3666.63,4236.2,2.33,5,Chemicals,EXPIRED,4144.9,2026-07-18 00:00:00,EXPIRED,8.01,30.0,3.0,LOW,
2026-06-18,GODREJIND.NS,BO-L,LONG,1111.2,1042.6,1271.27,2.33,5,Real Estate,TP_HIT,1271.27,2026-07-10 00:00:00,TP,14.41,22.0,3.0,LOW,
2026-06-18,INGERRAND.NS,BO-L,LONG,4714.1,4491.19,5234.23,2.33,5,Industrials,SL_HIT,4491.19,2026-06-25 00:00:00,SL,-4.73,7.0,7.0,HIGH,
2026-06-18,NIBE.NS,BO-L,LONG,1748.4,1604.77,2083.55,2.33,5,Industrials,SL_HIT,1604.77,2026-06-29 00:00:00,SL,-8.21,11.0,1.0,LOW,
2026-06-18,NIVABUPA.NS,BO-L,LONG,87.09,83.15,96.28,2.33,5,Financial Services,EXPIRED,86.72,2026-07-18 00:00:00,EXPIRED,-0.42,30.0,4.0,MEDIUM,
2026-06-18,NYKAA.NS,BO-L,LONG,298.1,285.35,327.86,2.33,5,Consumer & FMCG,TP_HIT,327.86,2026-07-10 00:00:00,TP,9.98,22.0,8.0,HIGH,
2026-06-18,OLECTRA.NS,BO-L,LONG,1446.6,1356.52,1656.78,2.33,5,Power & Renewables,SL_HIT,1356.52,2026-07-17 00:00:00,SL,-6.23,29.0,4.0,MEDIUM,
2026-06-18,RADICO.NS,BO-L,LONG,3690.0,3552.44,4010.98,2.33,5,Consumer & FMCG,TP_HIT,4010.98,2026-07-06 00:00:00,TP,8.7,18.0,7.0,HIGH,
2026-06-18,SHRIPISTON.NS,BO-L,LONG,3807.2,3615.88,4253.62,2.33,5,Other,TP_HIT,4253.62,2026-07-01 00:00:00,TP,11.73,13.0,5.0,MEDIUM,
2026-06-18,STEELXIND.NS,BO-L,LONG,13.05,11.95,15.61,2.33,5,Basic Materials,SL_HIT,11.95,2026-07-08 00:00:00,SL,-8.43,20.0,6.0,MEDIUM,
2026-06-18,YESBANK.NS,BO-L,LONG,25.48,24.35,28.11,2.33,5,Financial Services,SL_HIT,24.35,2026-06-30 00:00:00,SL,-4.43,12.0,4.0,MEDIUM,
2026-06-18,ZFCVINDIA.NS,BO-L,LONG,2596.8333,2484.125,2859.82,2.33,5,Consumer Cyclical,TP_HIT,2859.82,2026-06-24,TP,10.13,6.0,6.0,MEDIUM,6.0
2026-06-18,RRKABEL.NS,BO-L,LONG,2296.2,2158.23,2618.13,2.33,4,Electronics & EMS,EXPIRED,2403.9,2026-07-18 00:00:00,EXPIRED,4.69,30.0,8.0,HIGH,
2026-06-19,IKS.NS,PB-L,LONG,1675.2,1596.61,1858.58,2.33,7,Healthcare,TP_HIT,1858.58,2026-07-02 00:00:00,TP,10.95,13.0,7.0,HIGH,
2026-06-19,AAREYDRUGS.NS,PB-L,LONG,83.6,77.23,98.47,2.33,6,Healthcare,SL_HIT,77.23,2026-07-16 00:00:00,SL,-7.62,27.0,4.0,MEDIUM,
2026-06-19,CONFIPET.NS,PB-L,LONG,70.44,63.4,86.87,2.33,6,Energy,EXPIRED,73.12,2026-07-17,EXPIRED,3.8,28.0,1.0,LOW,
2026-06-19,MANAPPURAM.NS,PB-L,LONG,318.65,303.9,353.06,2.33,6,NBFC,EXPIRED,325.45,2026-07-17,EXPIRED,2.13,28.0,0.0,LOW,
2026-06-19,PTCIL.NS,PB-L,LONG,18333.0,17250.57,20858.67,2.33,6,Industrials,SL_HIT,17250.57,2026-06-29 00:00:00,SL,-5.9,10.0,6.0,MEDIUM,
2026-06-19,ADOR.NS,BO-L,LONG,1216.4,1157.52,1353.78,2.33,5,Industrials,TP_HIT,1353.78,2026-07-03 00:00:00,TP,11.29,14.0,4.0,MEDIUM,
2026-06-19,ANANDRATHI.NS,BO-L,LONG,1867.5,1800.27,2024.37,2.33,5,Financial Services,TP_HIT,2024.37,2026-06-30 00:00:00,TP,8.4,11.0,6.0,MEDIUM,
2026-06-19,BHARATGEAR.NS,BO-L,LONG,137.05,127.55,159.21,2.33,5,Consumer Cyclical,SL_HIT,127.55,2026-06-29 00:00:00,SL,-6.93,10.0,5.0,MEDIUM,
2026-06-19,BHEL.NS,BO-L,LONG,414.35,393.7,462.53,2.33,5,Defence & Railways,SL_HIT,393.7,2026-07-03 00:00:00,SL,-4.98,14.0,6.0,MEDIUM,
2026-06-19,CALSOFT.NS,BO-L,LONG,25.43,23.58,29.75,2.34,5,Technology,SL_HIT,23.58,2026-06-25 00:00:00,SL,-7.27,6.0,6.0,MEDIUM,
2026-06-19,CERA.NS,BO-L,LONG,6448.0,6146.04,7152.58,2.33,5,Cement & Materials,SL_HIT,6146.04,2026-07-13 00:00:00,SL,-4.68,24.0,5.0,MEDIUM,
2026-06-19,GABRIEL.NS,BO-L,LONG,1197.4,1125.07,1366.16,2.33,5,Auto Ancillaries,TP_HIT,1366.16,2026-07-16 00:00:00,TP,14.09,27.0,4.0,MEDIUM,
2026-06-19,HAPPYFORGE.NS,BO-L,LONG,1465.0,1386.07,1649.17,2.33,5,Industrials,EXPIRED,1595.3,2026-07-17,EXPIRED,8.89,28.0,5.0,MEDIUM,
2026-06-19,JBMA.NS,BO-L,LONG,727.3,686.11,823.42,2.33,5,Auto Ancillaries,SL_HIT,686.11,2026-06-29 00:00:00,SL,-5.66,10.0,3.0,LOW,
2026-06-19,PARACABLES.NS,BO-L,LONG,73.06,66.34,88.73,2.33,5,Technology,SL_HIT,66.34,2026-06-23 00:00:00,SL,-9.2,4.0,4.0,MEDIUM,
2026-06-19,PGIL.NS,BO-L,LONG,1793.5,1689.4,2036.41,2.33,5,Consumer Cyclical,TP_HIT,2036.41,2026-06-24 00:00:00,TP,13.54,5.0,7.0,HIGH,
2026-06-19,PSPPROJECT.NS,BO-L,LONG,969.1,902.95,1123.46,2.33,5,Infrastructure,TP_HIT,1123.46,2026-07-06 00:00:00,TP,15.93,17.0,5.0,MEDIUM,
2026-06-19,RATNAMANI.NS,BO-L,LONG,2770.9,2625.47,3110.23,2.33,5,Metals & Mining,SL_HIT,2625.47,2026-06-29 00:00:00,SL,-5.25,10.0,5.0,MEDIUM,
2026-06-19,RBLBANK.NS,BO-L,LONG,378.85,363.18,415.42,2.33,5,Banking - Private,SL_HIT,363.18,2026-06-29 00:00:00,SL,-4.14,10.0,2.0,LOW,
2026-06-19,SWARAJENG.NS,BO-L,LONG,3927.6,3813.03,4194.92,2.33,5,Auto Ancillaries,SL_HIT,3813.03,2026-07-06 00:00:00,SL,-2.92,17.0,7.0,HIGH,
2026-06-19,TIIL.NS,BO-L,LONG,2616.7,2483.15,2928.3,2.33,5,Industrials,SL_HIT,2483.15,2026-07-01 00:00:00,SL,-5.1,12.0,6.0,MEDIUM,
2026-06-19,TVSSCS.NS,BO-L,LONG,140.31,131.37,161.16,2.33,5,Industrials,SL_HIT,131.37,2026-06-25 00:00:00,SL,-6.37,6.0,5.0,MEDIUM,
2026-06-19,VINDHYATEL.NS,BO-L,LONG,2374.1,2149.76,2897.57,2.33,5,Industrials,SL_HIT,2149.76,2026-06-23 00:00:00,SL,-9.45,4.0,3.0,LOW,
2026-06-22,FACT.NS,PB-L,LONG,906.25,842.6,1054.77,2.33,7,Basic Materials,SL_HIT,842.6,2026-07-08 00:00:00,SL,-7.02,16.0,3.0,LOW,
2026-06-22,ADVENZYMES.NS,PB-L,LONG,374.95,355.25,420.92,2.33,7,Basic Materials,SL_HIT,355.25,2026-06-25 00:00:00,SL,-5.25,3.0,5.0,MEDIUM,
2026-06-22,IMPAL.NS,PB-L,LONG,1099.4,1041.34,1234.88,2.33,6,Consumer Cyclical,TP_HIT,1234.88,2026-07-07 00:00:00,TP,12.32,15.0,3.0,LOW,
2026-06-22,LLOYDSME.NS,PB-L,LONG,1785.6,1709.3,1963.64,2.33,6,Basic Materials,SL_HIT,1709.3,2026-06-24 00:00:00,SL,-4.27,2.0,5.0,MEDIUM,
2026-06-22,INOXINDIA.NS,BO-L,LONG,2040.9,1879.62,2417.23,2.33,5,Industrials,SL_HIT,1879.62,2026-06-25 00:00:00,SL,-7.9,3.0,7.0,HIGH,
2026-06-22,SANGHVIMOV.NS,BO-L,LONG,436.7,407.42,505.01,2.33,5,Industrials,SL_HIT,407.42,2026-06-25 00:00:00,SL,-6.7,3.0,7.0,HIGH,
2026-06-22,MEDANTA.NS,BO-L,LONG,1288.1,1234.62,1412.88,2.33,5,Healthcare,EXPIRED,1354.3,2026-07-22 00:00:00,EXPIRED,5.14,30.0,6.0,MEDIUM,
2026-06-22,UNIVCABLES.NS,BO-L,LONG,1348.9,1221.29,1646.66,2.33,5,Industrials,SL_HIT,1221.29,2026-06-25 00:00:00,SL,-9.46,3.0,5.0,MEDIUM,
2026-06-22,ZYDUSWELL.NS,BO-L,LONG,536.55,508.93,600.99,2.33,5,Consumer Defensive,SL_HIT,508.93,2026-06-25 00:00:00,SL,-5.15,3.0,6.0,MEDIUM,
2026-06-22,ABCAPITAL.NS,BO-L,LONG,391.95,375.28,430.84,2.33,5,NBFC,EXPIRED,407.2,2026-07-22 00:00:00,EXPIRED,3.89,30.0,3.0,LOW,
2026-06-22,AETHER.NS,BO-L,LONG,1226.8,1158.03,1387.27,2.33,5,Basic Materials,TP_HIT,1387.27,2026-06-29 00:00:00,TP,13.08,7.0,6.0,MEDIUM,
2026-06-22,AURUM.NS,BO-L,LONG,208.25,197.21,234.01,2.33,5,Real Estate,TP_HIT,234.01,2026-06-30 00:00:00,TP,12.37,8.0,5.0,MEDIUM,
2026-06-22,CANFINHOME.NS,BO-L,LONG,892.4,860.83,966.06,2.33,5,NBFC,SL_HIT,860.83,2026-06-29 00:00:00,SL,-3.54,7.0,6.0,MEDIUM,
2026-06-22,CENTENKA.NS,BO-L,LONG,544.4,512.52,618.78,2.33,5,Consumer Cyclical,SL_HIT,512.52,2026-06-29 00:00:00,SL,-5.86,7.0,6.0,MEDIUM,
2026-06-22,EDELWEISS.NS,BO-L,LONG,130.28,122.89,147.52,2.33,5,Financial Services,SL_HIT,122.89,2026-06-25 00:00:00,SL,-5.67,3.0,4.0,MEDIUM,
2026-06-22,ENDURANCE.NS,BO-L,LONG,2682.9,2563.5,2961.49,2.33,5,Auto Ancillaries,SL_HIT,2563.5,2026-07-02 00:00:00,SL,-4.45,10.0,7.0,HIGH,
2026-06-22,GLOSTERLTD.NS,BO-L,LONG,711.4,681.7,780.7,2.33,5,Consumer Cyclical,SL_HIT,681.7,2026-07-06 00:00:00,SL,-4.17,14.0,4.0,MEDIUM,
2026-06-22,INOXGREEN.NS,BO-L,LONG,205.11,193.11,233.12,2.33,5,Electronics & EMS,SL_HIT,193.11,2026-07-08 00:00:00,SL,-5.85,16.0,5.0,MEDIUM,
2026-06-22,KDDL.NS,BO-L,LONG,3164.4,2955.44,3651.98,2.33,5,Consumer Cyclical,EXPIRED,3152.9,2026-07-22 00:00:00,EXPIRED,-0.36,30.0,6.0,MEDIUM,
2026-06-22,KICL.NS,BO-L,LONG,5391.5,5167.17,5914.93,2.33,5,Financial Services,EXPIRED,5484.0,2026-07-22 00:00:00,EXPIRED,1.72,30.0,2.0,LOW,
2026-06-22,LOKESHMACH.NS,BO-L,LONG,283.55,264.88,327.12,2.33,5,Industrials,SL_HIT,264.88,2026-06-30 00:00:00,SL,-6.58,8.0,2.0,LOW,
2026-06-22,MANKIND.NS,BO-L,LONG,2538.3,2440.95,2765.45,2.33,5,Pharma - Large Cap,EXPIRED,2558.5,2026-07-22 00:00:00,EXPIRED,0.8,30.0,6.0,MEDIUM,
2026-06-22,MARINE.NS,BO-L,LONG,269.9,249.92,316.52,2.33,5,Industrials,SL_HIT,249.92,2026-07-08 00:00:00,SL,-7.4,16.0,9.0,HIGH,
2026-06-22,MAWANASUG.NS,BO-L,LONG,114.6,108.09,129.79,2.33,5,Consumer Defensive,SL_HIT,108.09,2026-06-25 00:00:00,SL,-5.68,3.0,3.0,LOW,
2026-06-22,MMP.NS,BO-L,LONG,290.05,270.31,336.1,2.33,5,Basic Materials,SL_HIT,270.31,2026-06-29 00:00:00,SL,-6.81,7.0,3.0,LOW,
2026-06-22,NINSYS.NS,BO-L,LONG,752.65,693.45,890.78,2.33,5,Technology,TP_HIT,890.78,2026-07-03 00:00:00,TP,18.35,11.0,8.0,HIGH,
2026-06-22,PRIVISCL.NS,BO-L,LONG,3655.8,3493.98,4033.38,2.33,5,Basic Materials,EXPIRED,3684.6,2026-07-22 00:00:00,EXPIRED,0.79,30.0,9.0,HIGH,
2026-06-22,SANSTAR.NS,BO-L,LONG,124.27,115.75,144.16,2.33,5,Basic Materials,SL_HIT,115.75,2026-07-07 00:00:00,SL,-6.86,15.0,5.0,MEDIUM,
2026-06-22,SCHNEIDER.NS,BO-L,LONG,1395.5,1291.92,1637.18,2.33,5,Industrials,SL_HIT,1291.92,2026-07-17 00:00:00,SL,-7.42,25.0,5.0,MEDIUM,
2026-06-22,SFL.NS,BO-L,LONG,741.75,704.26,829.23,2.33,5,Consumer Cyclical,EXPIRED,755.4,2026-07-22 00:00:00,EXPIRED,1.84,30.0,6.0,MEDIUM,
2026-06-22,SMARTLINK.NS,BO-L,LONG,176.83,165.46,203.35,2.33,5,Technology,TP_HIT,203.35,2026-07-16 00:00:00,TP,15.0,24.0,8.0,HIGH,
2026-06-22,SPLPETRO.NS,BO-L,LONG,774.85,735.18,867.42,2.33,5,Basic Materials,SL_HIT,735.18,2026-06-29 00:00:00,SL,-5.12,7.0,4.0,MEDIUM,
2026-06-22,TATACOMM.NS,BO-L,LONG,2061.7,1943.93,2336.49,2.33,5,Telecom & Media,SL_HIT,1943.93,2026-07-01 00:00:00,SL,-5.71,9.0,5.0,MEDIUM,
2026-06-22,TRITURBINE.NS,BO-L,LONG,737.3,687.53,853.43,2.33,5,Industrials,SL_HIT,687.53,2026-06-24 00:00:00,SL,-6.75,2.0,5.0,MEDIUM,
2026-06-22,TVSSRICHAK.NS,BO-L,LONG,4250.7,4039.76,4742.89,2.33,5,Consumer Cyclical,SL_HIT,4039.76,2026-07-22 00:00:00,SL,-4.96,30.0,6.0,MEDIUM,
2026-06-22,VIYASH.NS,BO-L,LONG,271.2,254.23,310.79,2.33,5,Healthcare,EXPIRED,258.6,2026-07-22 00:00:00,EXPIRED,-4.65,30.0,5.0,MEDIUM,
2026-06-23,BANSWRAS.NS,PB-L,LONG,131.51,120.63,156.89,2.33,6,Consumer Cyclical,SL_HIT,120.63,2026-07-08 00:00:00,SL,-8.27,15.0,4.0,MEDIUM,
2026-06-23,JAGSNPHARM.NS,BO-L,LONG,231.91,220.38,258.8,2.33,5,Healthcare,SL_HIT,220.38,2026-06-25 00:00:00,SL,-4.97,2.0,6.0,MEDIUM,
2026-06-23,JSWINFRA.NS,BO-L,LONG,314.95,300.52,348.61,2.33,5,Infrastructure,TP_HIT,348.61,2026-07-13 00:00:00,TP,10.69,20.0,6.0,MEDIUM,
2026-06-23,KAJARIACER.NS,BO-L,LONG,1193.1,1150.32,1292.91,2.33,5,Industrials,EXPIRED,1217.6,2026-07-23 00:00:00,EXPIRED,2.05,30.0,7.0,HIGH,
2026-06-23,LAURUSLABS.NS,BO-L,LONG,1481.0,1424.73,1612.29,2.33,5,Pharma,EXPIRED,1573.5,2026-07-23 00:00:00,EXPIRED,6.25,30.0,8.0,HIGH,
2026-06-23,NEULANDLAB.NS,BO-L,LONG,18102.0,17251.68,20086.08,2.33,5,Healthcare,TP_HIT,20086.08,2026-07-09 00:00:00,TP,10.96,16.0,5.0,MEDIUM,
2026-06-23,ORBTEXP.NS,BO-L,LONG,249.63,225.79,305.26,2.33,5,Consumer Cyclical,SL_HIT,225.79,2026-06-29 00:00:00,SL,-9.55,6.0,3.0,LOW,
2026-06-23,SANSERA.NS,BO-L,LONG,3120.6,2959.56,3496.36,2.33,5,Consumer Cyclical,EXPIRED,3214.1,2026-07-23 00:00:00,EXPIRED,3.0,30.0,6.0,MEDIUM,
2026-06-23,SBCL.NS,BO-L,LONG,776.3,722.1,902.77,2.33,5,Industrials,SL_HIT,722.1,2026-07-07 00:00:00,SL,-6.98,14.0,6.0,MEDIUM,
2026-06-23,SHILPAMED.NS,BO-L,LONG,591.15,549.64,688.0,2.33,5,Healthcare,EXPIRED,620.15,2026-07-23 00:00:00,EXPIRED,4.91,30.0,4.0,MEDIUM,
2026-06-23,SHYAMTEL.NS,BO-L,LONG,20.95,19.96,23.25,2.32,5,Technology,SL_HIT,19.96,2026-06-30 00:00:00,SL,-4.73,7.0,1.0,LOW,
2026-06-23,SRM.NS,BO-L,LONG,527.55,494.97,603.56,2.33,5,Industrials,SL_HIT,494.97,2026-07-07 00:00:00,SL,-6.18,14.0,7.0,HIGH,
2026-06-23,TINNARUBR.NS,BO-L,LONG,943.7,880.34,1091.55,2.33,5,Basic Materials,TP_HIT,1091.55,2026-07-21 00:00:00,TP,15.67,28.0,5.0,MEDIUM,
2026-06-23,UMIYA-MRO.NS,BO-L,LONG,92.89,86.84,107.01,2.33,5,Real Estate,EXPIRED,89.92,2026-07-23 00:00:00,EXPIRED,-3.2,30.0,8.0,HIGH,
2026-06-23,AGARWALEYE.NS,BO-L,LONG,476.6,455.34,526.21,2.33,4,Healthcare,EXPIRED,479.35,2026-07-23 00:00:00,EXPIRED,0.58,30.0,6.0,MEDIUM,
2026-06-23,CARRARO.NS,BO-L,LONG,591.85,558.2,670.37,2.33,4,Consumer Cyclical,SL_HIT,558.2,2026-06-25 00:00:00,SL,-5.69,2.0,10.0,HIGH,
2026-06-25,DIAMONDYD.NS,PB-L,LONG,1130.2,1072.76,1264.22,2.33,7,Consumer Defensive,EXPIRED,1111.4,2026-07-24,EXPIRED,-1.66,29.0,6.0,MEDIUM,
2026-06-25,SUVEN.NS,PB-L,LONG,267.25,243.49,322.68,2.33,7,Healthcare,TP_HIT,322.68,2026-07-03 00:00:00,TP,20.74,8.0,2.0,LOW,
2026-06-25,SHREEPUSHK.NS,BO-L,LONG,403.15,378.34,461.03,2.33,5,Basic Materials,EXPIRED,386.85,2026-07-24,EXPIRED,-4.04,29.0,7.0,HIGH,
2026-06-25,MOTHERSON.NS,BO-L,LONG,151.71,144.57,168.37,2.33,5,Auto Ancillaries,SL_HIT,144.57,2026-07-06 00:00:00,SL,-4.71,11.0,4.0,MEDIUM,
2026-06-25,WELCORP.NS,BO-L,LONG,1455.1,1390.54,1605.75,2.33,5,Infrastructure,TP_HIT,1605.75,2026-07-09 00:00:00,TP,10.35,14.0,5.0,MEDIUM,
2026-06-25,AUROPHARMA.NS,BO-L,LONG,1555.2,1500.17,1683.61,2.33,5,Pharma - Large Cap,EXPIRED,1532.0,2026-07-24,EXPIRED,-1.49,29.0,5.0,MEDIUM,
2026-06-25,MIRCELECTR.NS,BO-L,LONG,42.29,39.24,49.41,2.33,5,Consumer Cyclical,SL_HIT,39.24,2026-06-30 00:00:00,SL,-7.21,5.0,0.0,LOW,
2026-06-25,OFSS.NS,BO-L,LONG,10974.5,10444.15,12211.99,2.33,5,IT - Large Cap,SL_HIT,10444.15,2026-07-23 00:00:00,SL,-4.83,28.0,8.0,HIGH,
2026-06-25,SHRIRAMFIN.NS,BO-L,LONG,1031.8,989.15,1131.32,2.33,4,NBFC,EXPIRED,1005.1,2026-07-24,EXPIRED,-2.59,29.0,4.0,MEDIUM,
2026-07-06,ABDL.NS,BO-L,LONG,696.35,661.1,778.59,2.33,5,Consumer Defensive,SL_HIT,661.1,2026-07-10 00:00:00,SL,-5.06,4.0,5.0,MEDIUM,
2026-07-06,ADANIENSOL.NS,BO-L,LONG,1630.3,1549.01,1819.97,2.33,5,Utilities,EXPIRED,1636.1,2026-08-05,EXPIRED,0.36,30.0,4.0,MEDIUM,
2026-07-06,DIACABS.NS,BO-L,LONG,218.77,204.02,253.18,2.33,5,Industrials,TP_HIT,253.18,2026-07-21 00:00:00,TP,15.73,15.0,6.0,MEDIUM,
2026-07-06,MIRCELECTR.NS,BO-L,LONG,44.36,41.41,51.25,2.34,5,Consumer Cyclical,OPEN,,,,,,0.0,LOW,
2026-07-06,GHCLTEXTIL.NS,BO-L,LONG,109.1,102.69,124.05,2.33,5,Consumer Cyclical,TP_HIT,124.05,2026-07-30,TP,13.7,24.0,5.0,MEDIUM,
2026-07-06,GINNIFILA.NS,BO-L,LONG,56.7,52.34,66.88,2.33,5,Consumer Cyclical,SL_HIT,52.34,2026-07-07 00:00:00,SL,-7.69,1.0,9.0,HIGH,
2026-07-06,IVP.NS,BO-L,LONG,177.5,166.9,202.23,2.33,5,Basic Materials,SL_HIT,166.9,2026-07-08 00:00:00,SL,-5.97,2.0,7.0,HIGH,
2026-07-06,METROPOLIS.NS,BO-L,LONG,569.3,539.74,638.28,2.33,5,Healthcare,EXPIRED,574.4,2026-08-05,EXPIRED,0.9,30.0,7.0,HIGH,
2026-07-06,MOSCHIP.NS,BO-L,LONG,231.92,218.93,262.22,2.33,5,Technology,SL_HIT,218.93,2026-07-27 00:00:00,SL,-5.6,21.0,6.0,MEDIUM,
2026-07-06,SPARC.NS,BO-L,LONG,258.34,240.98,298.84,2.33,5,Healthcare,SL_HIT,240.98,2026-07-17 00:00:00,SL,-6.72,11.0,8.0,HIGH,
2026-07-06,SUYOG.NS,BO-L,LONG,905.0,846.49,1041.51,2.33,5,Communication Services,SL_HIT,846.49,2026-07-17 00:00:00,SL,-6.47,11.0,6.0,MEDIUM,
2026-07-06,VERANDA.NS,BO-L,LONG,256.57,240.59,293.85,2.33,5,Consumer Defensive,SL_HIT,240.59,2026-07-08 00:00:00,SL,-6.23,2.0,8.0,HIGH,
2026-07-06,VISAKAIND.NS,BO-L,LONG,83.5,78.88,94.28,2.33,5,Industrials,SL_HIT,78.88,2026-07-08 00:00:00,SL,-5.53,2.0,6.0,MEDIUM,
2026-07-06,CHOLAFIN.NS,BO-L,LONG,1830.2,1764.01,1984.64,2.33,4,NBFC,SL_HIT,1764.01,2026-07-08 00:00:00,SL,-3.62,2.0,6.0,MEDIUM,
2026-07-06,PONNIERODE.NS,PB-L,LONG,318.7,303.89,353.25,2.33,7,Consumer Defensive,SL_HIT,303.89,2026-08-03,SL,-4.65,28.0,4.0,MEDIUM,
2026-07-06,RBLBANK.NS,PB-L,LONG,368.6,353.89,402.93,2.33,6,Banking - Private,SL_HIT,353.89,2026-07-23 00:00:00,SL,-3.99,17.0,2.0,LOW,
2026-07-06,GRANULES.NS,BO-L,LONG,854.2,818.58,937.3,2.33,5,Pharma,SL_HIT,818.58,2026-08-03,SL,-4.17,28.0,5.0,MEDIUM,
2026-07-06,HMVL.NS,BO-L,LONG,90.2,85.06,102.18,2.33,5,Communication Services,TP_HIT,102.18,2026-08-05,TP,13.28,30.0,4.0,MEDIUM,
2026-07-06,INDUSINDBK.NS,BO-L,LONG,1009.8,973.45,1094.61,2.33,5,Banking - Private,EXPIRED,1027.3,2026-08-05,EXPIRED,1.73,30.0,2.0,LOW,
2026-07-06,DELHIVERY.NS,BO-L,LONG,519.65,497.83,570.55,2.33,5,Logistics,SL_HIT,497.83,2026-07-15 00:00:00,SL,-4.2,9.0,5.0,MEDIUM,
2026-07-06,FILATEX.NS,BO-L,LONG,58.78,55.56,66.28,2.33,5,Consumer Cyclical,TP_HIT,66.28,2026-07-13 00:00:00,TP,12.76,7.0,4.0,MEDIUM,
2026-07-06,PNBHOUSING.NS,BO-L,LONG,1089.8,1049.13,1184.7,2.33,5,NBFC,SL_HIT,1049.13,2026-07-24 00:00:00,SL,-3.73,18.0,4.0,MEDIUM,
2026-07-06,SARLAPOLY.NS,BO-L,LONG,107.08,101.8,119.4,2.33,5,Consumer Cyclical,SL_HIT,101.8,2026-07-08 00:00:00,SL,-4.93,2.0,2.0,LOW,
2026-07-06,SUMEETINDS.NS,BO-L,LONG,31.06,29.15,35.52,2.34,5,Consumer Cyclical,TP_HIT,35.52,2026-07-20 00:00:00,TP,14.36,14.0,3.0,LOW,
2026-07-06,ZYDUSLIFE.NS,BO-L,LONG,1147.9,1111.95,1231.78,2.33,5,Pharma - Large Cap,SL_HIT,1111.95,2026-07-23 00:00:00,SL,-3.13,17.0,4.0,MEDIUM,
2026-07-18,MANALIPETC.NS,PB-L,LONG,63.4,59.62,72.23,2.34,7,Basic Materials,TP_HIT,72.23,2026-08-14,TP,13.93,27.0,5.0,MEDIUM,
2026-07-18,APOLLOPIPE.NS,PB-L,LONG,504.2,476.01,569.98,2.33,6,Industrials,SL_HIT,476.01,2026-07-24 00:00:00,SL,-5.59,6.0,3.0,LOW,
2026-07-18,PNBGILTS.NS,PB-L,LONG,91.34,86.11,103.55,2.33,6,Financial Services,SL_HIT,86.11,2026-07-20 00:00:00,SL,-5.73,2.0,5.0,MEDIUM,
2026-07-18,AIIL.NS,BO-L,LONG,571.0,537.52,649.12,2.33,5,Financial Services,SL_HIT,537.52,2026-07-23 00:00:00,SL,-5.86,5.0,2.0,LOW,
2026-07-18,ANANTRAJ.NS,BO-L,LONG,592.1,561.39,663.75,2.33,5,Real Estate,EXPIRED,632.25,2026-08-17,EXPIRED,6.78,30.0,4.0,MEDIUM,
2026-07-18,BEPL.NS,BO-L,LONG,113.1,107.05,127.22,2.33,5,Basic Materials,TP_HIT,127.22,2026-07-20 00:00:00,TP,12.48,2.0,4.0,MEDIUM,
2026-07-18,BHARATFORG.NS,BO-L,LONG,2190.5,2101.24,2398.77,2.33,5,Auto Ancillaries,SL_HIT,2101.24,2026-08-10,SL,-4.07,23.0,0.0,LOW,
2026-07-18,EXIDEIND.NS,BO-L,LONG,435.2,418.7,473.7,2.33,5,Auto Ancillaries,TP_HIT,473.7,2026-08-05,TP,8.85,18.0,5.0,MEDIUM,
2026-07-18,RESPONIND.NS,BO-L,LONG,220.6,203.29,260.99,2.33,5,Basic Materials,SL_HIT,203.29,2026-07-20 00:00:00,SL,-7.85,2.0,3.0,LOW,
2026-07-18,FEDERALBNK.NS,BASE-BO,LONG,349.0,337.31,376.28,2.33,4,Banking - Private,EXPIRED,353.2,2026-08-17,EXPIRED,1.2,30.0,4.0,MEDIUM,
2026-07-20,DCM.NS,PB-L,LONG,98.0,90.99,114.36,2.33,7,Industrials,SL_HIT,90.99,2026-07-23 00:00:00,SL,-7.15,3.0,3.0,LOW,
2026-07-20,THYROCARE.NS,PB-L,LONG,550.3,515.56,631.37,2.33,6,Healthcare,TP_HIT,631.37,2026-08-12,TP,14.73,23.0,9.0,HIGH,
2026-07-20,FLUOROCHEM.NS,BO-L,LONG,4265.4,4087.91,4679.54,2.33,5,Chemicals,TP_HIT,4679.54,2026-08-12,TP,9.71,23.0,3.0,LOW,
2026-07-20,GABRIEL.NS,BO-L,LONG,1409.7,1327.53,1601.43,2.33,5,Auto Ancillaries,EXPIRED,1458.6,2026-08-19,EXPIRED,3.47,30.0,6.0,MEDIUM,
2026-07-20,HSCL.NS,BO-L,LONG,770.0,726.18,872.26,2.33,5,Basic Materials,SL_HIT,726.18,2026-08-19,SL,-5.69,30.0,1.0,LOW,
2026-07-20,JGCHEM.NS,BO-L,LONG,480.7,455.54,539.4,2.33,5,Basic Materials,TP_HIT,539.4,2026-08-05,TP,12.21,16.0,4.0,MEDIUM,
2026-07-20,LLOYDSENT.NS,BO-L,LONG,81.71,76.18,94.61,2.33,5,Basic Materials,SL_HIT,76.18,2026-07-24 00:00:00,SL,-6.77,4.0,4.0,MEDIUM,
2026-07-20,MBAPL.NS,BO-L,LONG,145.7,135.11,170.41,2.33,5,Basic Materials,TP_HIT,170.41,2026-08-12,TP,16.96,23.0,4.0,MEDIUM,
2026-07-20,RPGLIFE.NS,BO-L,LONG,3016.1,2819.19,3475.57,2.33,5,Healthcare,SL_HIT,2819.19,2026-07-24 00:00:00,SL,-6.53,4.0,4.0,MEDIUM,
2026-07-20,SAREGAMA.NS,BO-L,LONG,514.65,485.74,582.1,2.33,5,Communication Services,SL_HIT,485.74,2026-07-23 00:00:00,SL,-5.62,3.0,4.0,MEDIUM,
2026-07-21,HCG.NS,PB-L,LONG,659.85,628.66,732.62,2.33,6,Healthcare,TP_HIT,732.62,2026-08-12,TP,11.03,22.0,3.0,LOW,
2026-07-21,VENUSREM.NS,PB-L,LONG,1778.5,1622.06,2143.52,2.33,6,Healthcare,SL_HIT,1622.06,2026-07-24 00:00:00,SL,-8.8,3.0,7.0,HIGH,
2026-07-21,ASHIANA.NS,BO-L,LONG,420.1,396.04,476.25,2.33,5,Real Estate,SL_HIT,396.04,2026-07-22 00:00:00,SL,-5.73,1.0,6.0,MEDIUM,
2026-07-21,BALRAMCHIN.NS,BO-L,LONG,623.1,596.16,685.95,2.33,5,Agri & Fertilizers,SL_HIT,596.16,2026-07-31,SL,-4.32,10.0,3.0,LOW,
2026-07-21,JUBLINGREA.NS,BO-L,LONG,767.35,730.93,852.32,2.33,5,Basic Materials,SL_HIT,730.93,2026-07-23 00:00:00,SL,-4.75,2.0,3.0,LOW,
2026-07-21,RAJRATAN.NS,BO-L,LONG,516.8,482.54,596.74,2.33,5,Basic Materials,SL_HIT,482.54,2026-07-24 00:00:00,SL,-6.63,3.0,5.0,MEDIUM,
2026-07-21,SANATHAN.NS,BO-L,LONG,466.9,442.87,522.97,2.33,5,Consumer Cyclical,EXPIRED,449.15,2026-08-20,EXPIRED,-3.8,30.0,5.0,MEDIUM,
2026-07-21,STYLAMIND.NS,BO-L,LONG,3497.4,3298.99,3960.35,2.33,5,Consumer Cyclical,SL_HIT,3298.99,2026-07-22 00:00:00,SL,-5.67,1.0,8.0,HIGH,
2026-07-21,TMB.NS,BO-L,LONG,822.0,779.26,921.72,2.33,4,Banking - Private,EXPIRED,864.0,2026-08-20,EXPIRED,5.11,30.0,2.0,LOW,
2026-07-22,BAJAJ-AUTO.NS,BO-L,LONG,10876.5,10534.38,11674.78,2.33,5,Auto OEM,TP_HIT,11674.78,2026-08-04,TP,7.34,13.0,8.0,HIGH,
2026-07-22,CHENNPETRO.NS,BO-L,LONG,1306.5,1224.93,1496.83,2.33,5,Energy,SL_HIT,1224.93,2026-07-23 00:00:00,SL,-6.24,1.0,7.0,HIGH,
2026-07-22,POLYPLEX.NS,BO-L,LONG,1120.9,1067.23,1246.13,2.33,5,Basic Materials,TP_HIT,1246.13,2026-08-12,TP,11.17,21.0,4.0,MEDIUM,
2026-07-22,VIMTALABS.NS,BO-L,LONG,610.6,568.18,709.57,2.33,5,Healthcare,SL_HIT,568.18,2026-07-23 00:00:00,SL,-6.95,1.0,5.0,MEDIUM,
2026-07-23,RATNAVEER.NS,PB-L,LONG,179.68,168.38,206.04,2.33,7,Basic Materials,TP_HIT,206.04,2026-07-28 00:00:00,TP,14.67,5.0,4.0,MEDIUM,
2026-07-23,TIPSMUSIC.NS,PB-L,LONG,690.7,642.78,802.51,2.33,7,Communication Services,SL_HIT,642.78,2026-08-10,SL,-6.94,18.0,8.0,HIGH,
2026-07-23,FCL.NS,BO-L,LONG,41.6,38.33,49.23,2.33,5,Basic Materials,SL_HIT,38.33,2026-07-27 00:00:00,SL,-7.86,4.0,4.0,MEDIUM,
2026-07-23,GANESHBE.NS,BO-L,LONG,112.2,104.57,130.0,2.33,5,Basic Materials,EXPIRED,123.96,2026-08-21,EXPIRED,10.48,29.0,6.0,MEDIUM,
2026-07-23,MEDANTA.NS,BO-L,LONG,1389.0,1340.25,1502.75,2.33,5,Healthcare,SL_HIT,1340.25,2026-07-31,SL,-3.51,8.0,6.0,MEDIUM,
2026-07-23,PANAMAPET.NS,BO-L,LONG,501.0,465.68,583.41,2.33,5,Energy,SL_HIT,465.68,2026-07-28 00:00:00,SL,-7.05,5.0,4.0,MEDIUM,
2026-07-23,SHAILY.NS,BO-L,LONG,2964.8,2786.61,3380.57,2.33,5,Basic Materials,TP_HIT,3380.57,2026-08-06,TP,14.02,14.0,9.0,HIGH,
2026-07-23,TANLA.NS,BO-L,LONG,642.2,604.74,729.61,2.33,5,IT - Mid & Small,SL_HIT,604.74,2026-07-24 00:00:00,SL,-5.83,1.0,7.0,HIGH,
2026-07-23,WSTCSTPAPR.NS,BO-L,LONG,570.0,539.03,642.26,2.33,5,Basic Materials,TP_HIT,642.26,2026-08-12,TP,12.68,20.0,4.0,MEDIUM,
2026-07-23,COSMOFIRST.NS,BO-L,LONG,888.1,842.53,994.42,2.33,4,Consumer Cyclical,EXPIRED,922.95,2026-08-21,EXPIRED,3.92,29.0,6.0,MEDIUM,
2026-07-24,MONARCH.NS,PB-L,LONG,354.7,337.27,395.38,2.33,6,Financial Services,TP_HIT,395.38,2026-07-27 00:00:00,TP,11.47,3.0,3.0,LOW,
2026-07-24,E2E.NS,BO-L,LONG,516.7,480.17,601.94,2.33,5,Technology,SL_HIT,480.17,2026-07-30,SL,-7.07,6.0,3.0,LOW,
2026-07-24,ORBTEXP.NS,BO-L,LONG,239.0,221.72,279.31,2.33,5,Consumer Cyclical,EXPIRED,225.12,2026-08-21,EXPIRED,-5.81,28.0,3.0,LOW,
2026-07-24,RITCO.NS,BO-L,LONG,295.0,276.39,338.42,2.33,4,Industrials,SL_HIT,276.39,2026-08-14,SL,-6.31,21.0,4.0,MEDIUM,
2026-07-27,APCOTEXIND.NS,BO-L,LONG,585.4,551.95,663.45,2.33,5,Basic Materials,TP_HIT,663.45,2026-07-29,TP,13.33,2.0,7.0,HIGH,
2026-07-27,BHAGYANGR.NS,BO-L,LONG,430.9,400.22,502.48,2.33,5,Basic Materials,SL_HIT,400.22,2026-07-29 00:00:00,SL,-7.12,2.0,10.0,HIGH,
2026-07-27,CREDITACC.NS,BO-L,LONG,1589.0,1510.78,1771.52,2.33,5,NBFC,SL_HIT,1510.78,2026-08-05,SL,-4.92,9.0,5.0,MEDIUM,
2026-07-27,IMPEXFERRO.NS,BO-L,LONG,2.5,2.43,2.66,2.29,5,Basic Materials,TP_HIT,2.66,2026-08-04,TP,6.4,8.0,3.0,LOW,
2026-07-27,KECL.NS,BO-L,LONG,137.33,128.7,157.46,2.33,5,Industrials,EXPIRED,129.3,2026-08-26,EXPIRED,-5.85,30.0,5.0,MEDIUM,
2026-07-27,KNAGRI.NS,BO-L,LONG,220.2,207.76,249.22,2.33,5,Consumer Defensive,SL_HIT,207.76,2026-07-29,SL,-5.65,2.0,4.0,MEDIUM,
2026-07-27,LALPATHLAB.NS,BO-L,LONG,1864.5,1774.16,2075.3,2.33,5,Healthcare,EXPIRED,1935.8,2026-08-26,EXPIRED,3.82,30.0,4.0,MEDIUM,
2026-07-27,LAURUSLABS.NS,BO-L,LONG,1692.1,1626.57,1845.0,2.33,5,Pharma,TP_HIT,1845.0,2026-08-04,TP,9.04,8.0,7.0,HIGH,
2026-07-27,LLOYDSME.NS,BO-L,LONG,1995.0,1901.28,2213.67,2.33,5,Basic Materials,SL_HIT,1901.28,2026-08-12,SL,-4.7,16.0,5.0,MEDIUM,
2026-07-27,MANORAMA.NS,BO-L,LONG,1642.0,1563.06,1826.19,2.33,5,Consumer Defensive,TP_HIT,1826.19,2026-08-14,TP,11.22,18.0,9.0,HIGH,
2026-07-27,OAL.NS,BO-L,LONG,384.0,355.46,450.6,2.33,5,Basic Materials,SL_HIT,355.46,2026-08-14,SL,-7.43,18.0,3.0,LOW,
2026-07-27,PRICOLLTD.NS,BO-L,LONG,663.1,635.04,728.57,2.33,5,Consumer Cyclical,TP_HIT,728.57,2026-08-03,TP,9.87,7.0,8.0,HIGH,
2026-07-27,SALSTEEL.NS,BO-L,LONG,59.54,55.1,69.89,2.33,5,Basic Materials,TP_HIT,69.89,2026-08-14,TP,17.38,18.0,2.0,LOW,
2026-07-27,TFCILTD.NS,BO-L,LONG,93.44,87.28,107.8,2.33,5,Financial Services,TP_HIT,107.8,2026-08-04,TP,15.37,8.0,4.0,MEDIUM,
2026-07-28,ASIANENE.NS,BO-L,LONG,393.45,367.98,452.88,2.33,5,Energy,SL_HIT,367.98,2026-08-14,SL,-6.47,17.0,6.0,MEDIUM,
2026-07-28,GPTHEALTH.NS,BO-L,LONG,167.64,159.08,187.61,2.33,5,Healthcare,SL_HIT,159.08,2026-08-07,SL,-5.11,10.0,5.0,MEDIUM,
2026-07-28,LODHA.NS,BO-L,LONG,1282.8,1213.32,1444.93,2.33,5,Real Estate,SL_HIT,1213.32,2026-08-07,SL,-5.42,10.0,4.0,MEDIUM,
2026-07-29,STARHEALTH.NS,PB-L,LONG,591.5,566.15,650.65,2.33,7,Insurance,SL_HIT,566.15,2026-08-10,SL,-4.29,12.0,2.0,LOW,
2026-07-29,ARTEMISMED.NS,BO-L,LONG,300.2,285.36,334.84,2.33,5,Other,EXPIRED,319.25,2026-08-28,EXPIRED,6.35,30.0,2.0,LOW,
2026-07-29,DEEPINDS.NS,BO-L,LONG,546.85,510.18,632.4,2.33,5,Energy,TP_HIT,632.4,2026-08-03,TP,15.64,5.0,7.0,HIGH,
2026-07-29,KMEW.NS,BO-L,LONG,2696.2,2505.66,3140.8,2.33,5,Industrials,SL_HIT,2505.66,2026-07-31,SL,-7.07,2.0,3.0,LOW,
2026-07-29,RAMRAT.NS,BO-L,LONG,455.4,429.61,515.58,2.33,5,Industrials,SL_HIT,429.61,2026-07-31,SL,-5.66,2.0,5.0,MEDIUM,
2026-07-29,RPSGVENT.NS,BO-L,LONG,940.85,898.26,1040.23,2.33,5,Technology,SL_HIT,898.26,2026-08-12,SL,-4.53,14.0,3.0,LOW,
2026-07-29,VADILALIND.NS,BO-L,LONG,7025.5,6708.07,7766.18,2.33,5,Consumer Defensive,TP_HIT,7766.18,2026-08-13,TP,10.54,15.0,6.0,MEDIUM,
2026-07-29,YASHO.NS,BO-L,LONG,3347.5,3119.32,3879.91,2.33,5,Basic Materials,SL_HIT,3119.32,2026-07-30,SL,-6.82,1.0,6.0,MEDIUM,
2026-07-29,AEROFLEX.NS,BO-L,LONG,455.7,419.86,539.33,2.33,4,Electronics & EMS,SL_HIT,419.86,2026-08-10,SL,-7.86,12.0,3.0,LOW,
2026-07-30,STEELCAS.NS,PB-L,LONG,315.9,296.61,360.9,2.33,6,Basic Materials,TP_HIT,360.9,2026-08-19,TP,14.25,20.0,7.0,HIGH,
2026-07-30,ALKEM.NS,BASE-BO,LONG,5829.0,5643.78,6261.17,2.33,5,Pharma - Large Cap,SL_HIT,5643.78,2026-08-05,SL,-3.18,6.0,5.0,MEDIUM,
2026-07-30,KTKBANK.NS,BO-L,LONG,288.0,274.46,319.6,2.33,5,Financial Services,TP_HIT,319.6,2026-08-19,TP,10.97,20.0,2.0,LOW,
2026-07-30,MACPOWER.NS,BO-L,LONG,1485.4,1368.64,1757.83,2.33,5,Industrials,TP_HIT,1757.83,2026-08-11,TP,18.34,12.0,9.0,HIGH,
2026-07-30,IIFL.NS,BO-L,LONG,608.0,575.9,682.89,2.33,4,NBFC,TP_HIT,682.89,2026-08-21,TP,12.32,22.0,4.0,MEDIUM,
2026-07-30,MANAPPURAM.NS,BO-L,LONG,372.25,356.03,410.11,2.33,4,NBFC,SL_HIT,356.03,2026-08-04,SL,-4.36,5.0,0.0,LOW,
2026-07-31,DEEPAKFERT.NS,PB-L,LONG,1586.3,1496.68,1795.41,2.33,6,Chemicals,SL_HIT,1496.68,2026-08-12,SL,-5.65,12.0,2.0,LOW,
2026-07-31,AETHER.NS,BO-L,LONG,1572.7,1489.89,1765.92,2.33,5,Basic Materials,EXPIRED,1696.8,2026-08-28,EXPIRED,7.89,28.0,6.0,MEDIUM,
2026-07-31,ASTRAMICRO.NS,BO-L,LONG,1919.0,1798.8,2199.46,2.33,5,Technology,SL_HIT,1798.8,2026-08-06,SL,-6.26,6.0,8.0,HIGH,
2026-07-31,BAJFINANCE.NS,BO-L,LONG,1129.3,1086.63,1228.86,2.33,5,NBFC,SL_HIT,1086.63,2026-08-07,SL,-3.78,7.0,4.0,MEDIUM,
2026-07-31,DENTA.NS,BO-L,LONG,360.1,336.76,414.57,2.33,5,Industrials,SL_HIT,336.76,2026-08-06,SL,-6.48,6.0,6.0,MEDIUM,
2026-07-31,GAEL.NS,BO-L,LONG,175.23,165.47,198.01,2.33,5,Consumer Defensive,SL_HIT,165.47,2026-08-12,SL,-5.57,12.0,5.0,MEDIUM,
2026-07-31,NAZARA.NS,BO-L,LONG,330.45,315.61,365.07,2.33,5,Consumer & FMCG,TP_HIT,365.07,2026-08-28,TP,10.48,28.0,6.0,MEDIUM,
2026-07-31,NELCO.NS,BO-L,LONG,989.0,921.6,1146.26,2.33,5,Technology,SL_HIT,921.6,2026-08-19,SL,-6.81,19.0,3.0,LOW,
2026-07-31,RAINBOW.NS,BO-L,LONG,1537.4,1477.82,1676.41,2.33,5,Healthcare,SL_HIT,1477.82,2026-08-13,SL,-3.88,13.0,6.0,MEDIUM,
2026-07-31,SCPL.NS,BO-L,LONG,613.25,554.58,750.15,2.33,5,Consumer Defensive,EXPIRED,658.15,2026-08-27,EXPIRED,7.32,27.0,7.0,HIGH,
2026-07-31,THEJO.NS,BO-L,LONG,2050.0,1937.86,2311.67,2.33,5,Industrials,EXPIRED,2093.6,2026-08-27,EXPIRED,2.13,27.0,5.0,MEDIUM,
2026-07-31,XPROINDIA.NS,BO-L,LONG,1452.1,1366.54,1651.74,2.33,5,Basic Materials,SL_HIT,1366.54,2026-08-03,SL,-5.89,3.0,3.0,LOW,
2026-07-31,YASHO.NS,BO-L,LONG,3394.4,3144.46,3977.6,2.33,5,Basic Materials,TP_HIT,3977.6,2026-08-03,TP,17.18,3.0,6.0,MEDIUM,
2026-07-31,INDORAMA.NS,BO-L,LONG,55.99,51.95,65.41,2.33,4,Consumer Cyclical,TP_HIT,65.41,2026-08-04,TP,16.82,4.0,6.0,MEDIUM,
2026-07-31,TBOTEK.NS,BO-L,LONG,1534.3,1462.5,1701.83,2.33,4,Consumer Cyclical,TP_HIT,1701.83,2026-08-18,TP,10.92,18.0,4.0,MEDIUM,
2026-08-03,SANGHVIMOV.NS,PB-L,LONG,442.0,411.25,513.75,2.33,7,Industrials,TP_HIT,513.75,2026-08-10,TP,16.23,7.0,5.0,MEDIUM,
2026-08-03,ALIVUS.NS,BO-L,LONG,1212.0,1149.5,1357.82,2.33,5,Healthcare,TP_HIT,1357.82,2026-08-04,TP,12.03,1.0,3.0,LOW,
2026-08-03,AMBIKCO.NS,BO-L,LONG,1772.7,1690.04,1965.57,2.33,5,Consumer Cyclical,SL_HIT,1690.04,2026-08-10,SL,-4.66,7.0,7.0,HIGH,
2026-08-03,BLUEJET.NS,BO-L,LONG,639.1,604.09,720.79,2.33,5,Healthcare,SL_HIT,604.09,2026-08-04,SL,-5.48,1.0,4.0,MEDIUM,
2026-08-03,DALMIASUG.NS,BO-L,LONG,397.75,375.32,450.09,2.33,5,Consumer Defensive,TP_HIT,450.09,2026-08-18,TP,13.16,15.0,3.0,LOW,
2026-08-03,IGPL.NS,BO-L,LONG,485.45,460.45,543.78,2.33,5,Basic Materials,SL_HIT,460.45,2026-08-11,SL,-5.15,8.0,2.0,LOW,
2026-08-03,MAHASTEEL.NS,BO-L,LONG,1013.2,932.22,1202.15,2.33,5,Basic Materials,TP_HIT,1202.15,2026-08-26,TP,18.65,23.0,4.0,MEDIUM,
2026-08-03,MINDACORP.NS,BO-L,LONG,730.25,697.64,806.34,2.33,5,Consumer Cyclical,SL_HIT,697.64,2026-08-25,SL,-4.47,22.0,8.0,HIGH,
2026-08-03,MUNJALSHOW.NS,BO-L,LONG,140.36,135.27,152.23,2.33,5,Consumer Cyclical,SL_HIT,135.27,2026-08-06,SL,-3.63,3.0,3.0,LOW,
2026-08-03,PAYTM.NS,BO-L,LONG,1420.2,1350.74,1582.26,2.33,5,Diversified,TP_HIT,1582.26,2026-08-10,TP,11.41,7.0,5.0,MEDIUM,
2026-08-03,RANEHOLDIN.NS,BO-L,LONG,1831.7,1747.55,2028.05,2.33,5,Consumer Cyclical,SL_HIT,1747.55,2026-08-06,SL,-4.59,3.0,5.0,MEDIUM,
2026-08-03,RPTECH.NS,BO-L,LONG,869.5,811.95,1003.78,2.33,5,Technology,SL_HIT,811.95,2026-08-25,SL,-6.62,22.0,6.0,MEDIUM,
2026-08-03,RSWM.NS,BO-L,LONG,221.09,207.53,252.73,2.33,5,Consumer Cyclical,SL_HIT,207.53,2026-08-07,SL,-6.13,4.0,5.0,MEDIUM,
2026-08-03,SAHYADRI.NS,BO-L,LONG,324.85,303.48,374.72,2.33,5,Industrials,TP_HIT,374.72,2026-08-13,TP,15.35,10.0,7.0,HIGH,
2026-08-03,VARROC.NS,BO-L,LONG,696.45,664.87,770.15,2.33,5,Auto Ancillaries,TP_HIT,770.15,2026-08-07,TP,10.58,4.0,6.0,MEDIUM,
2026-08-03,SUPRAJIT.NS,BO-L,LONG,511.55,488.34,565.71,2.33,4,Auto Ancillaries,EXPIRED,500.4,2026-09-02,EXPIRED,-2.18,30.0,5.0,MEDIUM,
2026-08-04,AUROPHARMA.NS,PB-L,LONG,1557.2,1500.8,1688.81,2.33,7,Pharma - Large Cap,TP_HIT,1688.81,2026-08-31,TP,8.45,27.0,5.0,MEDIUM,
2026-08-04,AVADHSUGAR.NS,BO-L,LONG,626.95,584.77,725.38,2.33,5,Consumer Defensive,TP_HIT,725.38,2026-08-17,TP,15.7,13.0,2.0,LOW,
2026-08-04,BALRAMCHIN.NS,BO-L,LONG,653.35,622.0,726.5,2.33,5,Agri & Fertilizers,SL_HIT,622.0,2026-08-11,SL,-4.8,7.0,3.0,LOW,
2026-08-04,DIFFNKG.NS,BO-L,LONG,423.0,395.57,487.01,2.33,5,Industrials,SL_HIT,395.57,2026-08-11,SL,-6.48,7.0,7.0,HIGH,
2026-08-04,KDDL.NS,BO-L,LONG,3623.0,3407.13,4126.7,2.33,5,Consumer Cyclical,TP_HIT,4126.7,2026-08-05,TP,13.9,1.0,6.0,MEDIUM,
2026-08-04,KKCL.NS,BO-L,LONG,541.45,518.39,595.25,2.33,5,Consumer Cyclical,SL_HIT,518.39,2026-08-07,SL,-4.26,3.0,8.0,HIGH,
2026-08-04,RAJRATAN.NS,BO-L,LONG,545.65,504.23,642.31,2.33,5,Basic Materials,SL_HIT,504.23,2026-08-19,SL,-7.59,15.0,5.0,MEDIUM,
2026-08-04,RATNAVEER.NS,BO-L,LONG,211.94,195.05,251.34,2.33,5,Basic Materials,TP_HIT,251.34,2026-08-18,TP,18.59,14.0,2.0,LOW,
2026-08-04,RBA.NS,BO-L,LONG,84.25,79.19,96.05,2.33,5,Consumer Cyclical,TP_HIT,96.05,2026-08-07,TP,14.01,3.0,4.0,MEDIUM,
2026-08-04,SIEMENS.NS,BO-L,LONG,4015.5,3840.16,4424.63,2.33,5,Capital Goods,EXPIRED,4028.4,2026-09-03,EXPIRED,0.32,30.0,5.0,MEDIUM,
2026-08-04,UMIYA-MRO.NS,BO-L,LONG,93.1,88.18,104.58,2.33,5,Real Estate,SL_HIT,88.18,2026-08-13,SL,-5.28,9.0,5.0,MEDIUM,
2026-08-04,UNIDT.NS,BO-L,LONG,240.0,224.8,275.47,2.33,5,Energy,SL_HIT,224.8,2026-08-12,SL,-6.33,8.0,5.0,MEDIUM,
2026-08-04,UNIMECH.NS,BO-L,LONG,1358.6,1263.2,1581.2,2.33,5,Industrials,EXPIRED,1467.9,2026-09-03,EXPIRED,8.05,30.0,2.0,LOW,
2026-08-05,HNDFDS.NS,PB-L,LONG,573.05,546.37,635.31,2.33,7,Industrials,TP_HIT,635.31,2026-08-19,TP,10.86,14.0,5.0,MEDIUM,
2026-08-05,GODREJPROP.NS,PB-L,LONG,2117.0,2013.91,2357.54,2.33,6,Real Estate,SL_HIT,2013.91,2026-08-12,SL,-4.87,7.0,2.0,LOW,
2026-08-05,APOLLOPIPE.NS,BO-L,LONG,538.5,507.67,610.45,2.33,5,Industrials,SL_HIT,507.67,2026-08-10,SL,-5.73,5.0,2.0,LOW,
2026-08-05,ARMANFIN.NS,BO-L,LONG,2047.6,1939.39,2300.09,2.33,5,NBFC,SL_HIT,1939.39,2026-08-10,SL,-5.28,5.0,1.0,LOW,
2026-08-05,AUTOAXLES.NS,BO-L,LONG,1955.0,1877.93,2134.84,2.33,5,Consumer Cyclical,SL_HIT,1877.93,2026-08-06,SL,-3.94,1.0,6.0,MEDIUM,
2026-08-05,BODALCHEM.NS,BO-L,LONG,75.5,70.73,86.64,2.34,5,Basic Materials,SL_HIT,70.73,2026-08-07,SL,-6.32,2.0,5.0,MEDIUM,
2026-08-05,BOSCHLTD.NS,BO-L,LONG,43335.0,41835.66,46833.46,2.33,5,Auto Ancillaries,TP_HIT,46833.46,2026-08-13,TP,8.07,8.0,5.0,MEDIUM,
2026-08-05,EMIL.NS,BO-L,LONG,142.2,133.09,163.46,2.33,5,Consumer Cyclical,TP_HIT,163.46,2026-08-07,TP,14.95,2.0,4.0,MEDIUM,
2026-08-05,FIEMIND.NS,BO-L,LONG,2493.5,2390.14,2734.67,2.33,5,Consumer Cyclical,SL_HIT,2390.14,2026-08-13,SL,-4.15,8.0,7.0,HIGH,
2026-08-05,GRAPHITE.NS,BO-L,LONG,737.0,696.98,830.38,2.33,5,Capital Goods,SL_HIT,696.98,2026-08-26,SL,-5.43,21.0,3.0,LOW,
2026-08-05,GREENLAM.NS,BO-L,LONG,265.15,250.99,298.19,2.33,5,Consumer Cyclical,SL_HIT,250.99,2026-08-10,SL,-5.34,5.0,5.0,MEDIUM,
2026-08-05,KERNEX.NS,BO-L,LONG,2509.0,2343.96,2894.1,2.33,5,Technology,SL_HIT,2343.96,2026-08-10,SL,-6.58,5.0,6.0,MEDIUM,
2026-08-05,NAM-INDIA.NS,BO-L,LONG,1207.8,1156.26,1328.05,2.33,5,Financial Services,SL_HIT,1156.26,2026-08-17,SL,-4.27,12.0,5.0,MEDIUM,
2026-08-05,NRBBEARING.NS,BO-L,LONG,449.15,422.93,510.34,2.33,5,Consumer Cyclical,EXPIRED,448.3,2026-09-04,EXPIRED,-0.19,30.0,8.0,HIGH,
2026-08-05,ONMOBILE.NS,BO-L,LONG,71.9,66.96,83.42,2.33,5,Communication Services,SL_HIT,66.96,2026-08-11,SL,-6.87,6.0,3.0,LOW,
2026-08-05,RICOAUTO.NS,BO-L,LONG,151.89,141.16,176.92,2.33,5,Consumer Cyclical,SL_HIT,141.16,2026-08-11,SL,-7.06,6.0,4.0,MEDIUM,
2026-08-05,SAREGAMA.NS,BO-L,LONG,560.95,525.89,642.75,2.33,5,Communication Services,SL_HIT,525.89,2026-08-06,SL,-6.25,1.0,4.0,MEDIUM,
2026-08-05,UNIPARTS.NS,BO-L,LONG,794.0,748.29,900.66,2.33,5,Industrials,TP_HIT,900.66,2026-09-01,TP,13.43,27.0,8.0,HIGH,
2026-08-06,AGARWALEYE.NS,BO-L,LONG,538.5,510.67,603.43,2.33,5,Healthcare,SL_HIT,510.67,2026-08-12,SL,-5.17,6.0,6.0,MEDIUM,
2026-08-06,AIIL.NS,BO-L,LONG,585.0,552.58,660.65,2.33,5,Financial Services,SL_HIT,552.58,2026-08-12,SL,-5.54,6.0,1.0,LOW,
2026-08-06,ANUP.NS,BO-L,LONG,2271.7,2153.21,2548.18,2.33,5,Industrials,SL_HIT,2153.21,2026-08-07,SL,-5.22,1.0,5.0,MEDIUM,
2026-08-06,ASTERDM.NS,BO-L,LONG,860.4,822.13,949.69,2.33,5,Healthcare,SL_HIT,822.13,2026-08-14,SL,-4.45,8.0,4.0,MEDIUM,
2026-08-06,DDEVPLSTIK.NS,BO-L,LONG,306.0,289.07,345.51,2.33,5,Basic Materials,SL_HIT,289.07,2026-08-07,SL,-5.53,1.0,4.0,MEDIUM,
2026-08-06,ELGIRUBCO.NS,BO-L,LONG,65.1,59.0,79.32,2.33,5,Consumer Cyclical,SL_HIT,59.0,2026-08-13,SL,-9.37,7.0,1.0,LOW,
2026-08-06,GARFIBRES.NS,BO-L,LONG,834.15,788.92,939.7,2.33,5,Consumer Cyclical,SL_HIT,788.92,2026-08-11,SL,-5.42,5.0,4.0,MEDIUM,
2026-08-06,KOLTEPATIL.NS,BO-L,LONG,416.0,392.92,469.85,2.33,5,Real Estate,TP_HIT,469.85,2026-08-10,TP,12.94,4.0,6.0,MEDIUM,
2026-08-06,MMFL.NS,BO-L,LONG,588.35,557.06,661.36,2.33,5,NBFC,TP_HIT,661.36,2026-08-11,TP,12.41,5.0,2.0,LOW,
2026-08-06,NEULANDLAB.NS,BO-L,LONG,21932.0,20724.68,24749.08,2.33,5,Healthcare,EXPIRED,22660.0,2026-09-04,EXPIRED,3.32,29.0,5.0,MEDIUM,
2026-08-06,PGIL.NS,BO-L,LONG,2213.1,2084.98,2512.05,2.33,5,Consumer Cyclical,TP_HIT,2512.05,2026-08-07,TP,13.51,1.0,7.0,HIGH,
2026-08-06,RACLGEAR.NS,BO-L,LONG,1453.6,1361.0,1669.67,2.33,5,Consumer Cyclical,SL_HIT,1361.0,2026-08-10,SL,-6.37,4.0,6.0,MEDIUM,
2026-08-06,STOVEKRAFT.NS,BO-L,LONG,834.5,780.42,960.68,2.33,5,Consumer Cyclical,SL_HIT,780.42,2026-08-13,SL,-6.48,7.0,6.0,MEDIUM,
2026-08-06,SUDARSCHEM.NS,BO-L,LONG,1116.1,1049.64,1271.18,2.33,5,Chemicals,SL_HIT,1049.64,2026-08-12,SL,-5.95,6.0,6.0,MEDIUM,
2026-08-06,TNPETRO.NS,BO-L,LONG,99.94,95.02,111.42,2.33,5,Basic Materials,TP_HIT,111.42,2026-08-12,TP,11.49,6.0,4.0,MEDIUM,
2026-08-07,AVALON.NS,BO-L,LONG,1882.5,1753.76,2182.88,2.33,5,Technology,TP_HIT,2182.88,2026-08-18,TP,15.96,11.0,4.0,MEDIUM,
2026-08-07,DIVGIITTS.NS,BO-L,LONG,1045.0,981.23,1193.8,2.33,5,Auto Ancillaries,TP_HIT,1193.8,2026-08-12,TP,14.24,5.0,6.0,MEDIUM,
2026-08-07,HARSHA.NS,BO-L,LONG,432.95,414.67,475.61,2.33,5,Industrials,SL_HIT,414.67,2026-08-11,SL,-4.22,4.0,5.0,MEDIUM,
2026-08-07,HLEGLAS.NS,BO-L,LONG,481.15,450.24,553.28,2.33,5,Industrials,SL_HIT,450.24,2026-08-11,SL,-6.42,4.0,5.0,MEDIUM,
2026-08-07,JAMNAAUTO.NS,BO-L,LONG,147.7,141.25,162.75,2.33,5,Consumer Cyclical,SL_HIT,141.25,2026-08-10,SL,-4.37,3.0,8.0,HIGH,
2026-08-07,KINGFA.NS,BO-L,LONG,5526.5,5263.06,6141.19,2.33,5,Chemicals,TP_HIT,6141.19,2026-08-13,TP,11.12,6.0,5.0,MEDIUM,
2026-08-07,LLOYDSENGG.NS,BO-L,LONG,94.84,88.93,108.62,2.33,5,Industrials,SL_HIT,88.93,2026-08-24,SL,-6.23,17.0,4.0,MEDIUM,
2026-08-07,PGEL.NS,BO-L,LONG,633.05,599.75,710.76,2.33,5,Technology,SL_HIT,599.75,2026-08-14,SL,-5.26,7.0,1.0,LOW,
2026-08-07,PTCIL.NS,BO-L,LONG,19052.0,18332.24,20731.44,2.33,5,Industrials,TP_HIT,20731.44,2026-08-17,TP,8.82,10.0,6.0,MEDIUM,
2026-08-07,TATATECH.NS,BO-L,LONG,820.15,780.1,913.6,2.33,5,IT - Mid & Small,EXPIRED,800.0,2026-09-04,EXPIRED,-2.46,28.0,2.0,LOW,
2026-08-07,TIIL.NS,BO-L,LONG,2719.1,2594.86,3008.99,2.33,5,Industrials,SL_HIT,2594.86,2026-08-11,SL,-4.57,4.0,6.0,MEDIUM,
2026-08-10,KMSUGAR.NS,PB-L,LONG,28.24,26.65,31.95,2.33,7,Consumer Defensive,TP_HIT,31.95,2026-08-19,TP,13.14,9.0,5.0,MEDIUM,
2026-08-10,SOFTTECH.NS,PB-L,LONG,429.9,411.98,471.71,2.33,6,Technology,SL_HIT,411.98,2026-08-12,SL,-4.17,2.0,8.0,HIGH,
2026-08-10,5PAISA.NS,BO-L,LONG,383.0,362.94,429.8,2.33,5,Financial Services,SL_HIT,362.94,2026-08-31,SL,-5.24,21.0,1.0,LOW,
2026-08-10,AKUMS.NS,BO-L,LONG,738.5,702.74,821.95,2.33,5,Healthcare,EXPIRED,743.85,2026-09-09,EXPIRED,0.72,30.0,4.0,MEDIUM,
2026-08-10,DHAMPURSUG.NS,BO-L,LONG,157.79,149.57,176.98,2.33,5,Consumer Defensive,TP_HIT,176.98,2026-08-18,TP,12.16,8.0,5.0,MEDIUM,
2026-08-10,DHARMAJ.NS,BO-L,LONG,282.0,268.65,313.14,2.33,5,Basic Materials,SL_HIT,268.65,2026-08-14,SL,-4.73,4.0,4.0,MEDIUM,
2026-08-10,GARUDA.NS,BO-L,LONG,196.44,186.1,220.57,2.33,5,Industrials,SL_HIT,186.1,2026-08-12,SL,-5.26,2.0,7.0,HIGH,
2026-08-10,INDGN.NS,BO-L,LONG,568.6,538.79,638.16,2.33,5,Healthcare,EXPIRED,585.55,2026-09-09,EXPIRED,2.98,30.0,4.0,MEDIUM,
2026-08-10,KABRAEXTRU.NS,BO-L,LONG,487.85,442.73,593.14,2.33,5,Industrials,TP_HIT,593.14,2026-08-24,TP,21.58,14.0,2.0,LOW,
2026-08-10,NAHARINDUS.NS,BO-L,LONG,131.65,124.88,147.45,2.33,5,Consumer Cyclical,SL_HIT,124.88,2026-08-13,SL,-5.14,3.0,4.0,MEDIUM,
2026-08-10,RISHABH.NS,BO-L,LONG,672.75,631.86,768.17,2.33,5,Capital Goods,SL_HIT,631.86,2026-08-17,SL,-6.08,7.0,7.0,HIGH,
2026-08-10,SPECIALITY.NS,BO-L,LONG,149.88,138.66,176.07,2.33,5,Consumer Cyclical,SL_HIT,138.66,2026-08-13,SL,-7.49,3.0,4.0,MEDIUM,
2026-08-10,SYRMA.NS,BO-L,LONG,1491.5,1408.53,1685.1,2.33,5,Electronics & EMS,SL_HIT,1408.53,2026-08-31,SL,-5.56,21.0,5.0,MEDIUM,
2026-08-10,CENTUM.NS,BO-L,LONG,3900.0,3686.46,4398.27,2.33,4,Technology,SL_HIT,3686.46,2026-08-14,SL,-5.48,4.0,7.0,HIGH,
2026-08-10,DYNAMATECH.NS,BO-L,LONG,11935.0,11277.05,13470.21,2.33,4,Consumer Cyclical,SL_HIT,11277.05,2026-08-11,SL,-5.51,1.0,3.0,LOW,
2026-08-11,INDSWFTLAB.NS,BO-L,LONG,278.6,257.66,327.45,2.33,5,Healthcare,TP_HIT,327.45,2026-08-18,TP,17.53,7.0,4.0,MEDIUM,
2026-08-11,ROLEXRINGS.NS,BO-L,LONG,168.3,158.31,191.61,2.33,5,Industrials,EXPIRED,173.26,2026-09-10,EXPIRED,2.95,30.0,3.0,LOW,
2026-08-11,SETL.NS,BO-L,LONG,292.85,272.22,340.98,2.33,5,Industrials,TP_HIT,340.98,2026-08-27,TP,16.44,16.0,4.0,MEDIUM,
2026-08-11,SHAILY.NS,BO-L,LONG,3486.5,3273.29,3983.99,2.33,5,Basic Materials,SL_HIT,3273.29,2026-08-25,SL,-6.12,14.0,9.0,HIGH,
2026-08-11,WINDLAS.NS,BO-L,LONG,919.8,866.61,1043.9,2.33,5,Healthcare,TP_HIT,1043.9,2026-09-02,TP,13.49,22.0,6.0,MEDIUM,
2026-08-12,BELRISE.NS,BO-L,LONG,262.01,250.86,288.03,2.33,5,Consumer Cyclical,SL_HIT,250.86,2026-08-13,SL,-4.26,1.0,8.0,HIGH,
2026-08-12,BLUSPRING.NS,BO-L,LONG,122.19,111.97,146.04,2.33,5,Industrials,SL_HIT,111.97,2026-08-14,SL,-8.36,2.0,0.0,LOW,
2026-08-12,CHEMBONDCH.NS,BO-L,LONG,268.0,247.18,316.57,2.33,5,Basic Materials,SL_HIT,247.18,2026-09-10,SL,-7.77,29.0,4.0,MEDIUM,
2026-08-12,HINDCOPPER.NS,BO-L,LONG,562.85,535.14,627.52,2.33,5,Metals & Mining,SL_HIT,535.14,2026-08-14,SL,-4.92,2.0,7.0,HIGH,
2026-08-12,KPIL.NS,BO-L,LONG,1431.6,1371.76,1571.23,2.33,5,Infrastructure,SL_HIT,1371.76,2026-08-13,SL,-4.18,1.0,8.0,HIGH,
2026-08-12,KRONOX.NS,BO-L,LONG,175.54,164.56,201.15,2.33,5,Basic Materials,SL_HIT,164.56,2026-08-13,SL,-6.25,1.0,5.0,MEDIUM,
2026-08-12,MARKSANS.NS,BO-L,LONG,287.35,272.55,321.88,2.33,5,Healthcare,TP_HIT,321.88,2026-08-14,TP,12.02,2.0,6.0,MEDIUM,
2026-08-12,VIJAYA.NS,BO-L,LONG,1473.5,1392.13,1663.35,2.33,5,Healthcare,EXPIRED,1503.9,2026-09-11,EXPIRED,2.06,30.0,5.0,MEDIUM,
2026-08-12,ANANDRATHI.NS,BO-L,LONG,2185.6,2109.94,2362.13,2.33,4,Financial Services,EXPIRED,2207.2,2026-09-11,EXPIRED,0.99,30.0,4.0,MEDIUM,
2026-08-12,CORDSCABLE.NS,BO-L,LONG,230.01,217.2,259.91,2.33,4,Industrials,SL_HIT,217.2,2026-08-14,SL,-5.57,2.0,8.0,HIGH,
2026-08-12,IVP.NS,BO-L,LONG,181.2,170.16,206.96,2.33,4,Basic Materials,TP_HIT,206.96,2026-09-01,TP,14.22,20.0,6.0,MEDIUM,
2026-08-13,ARVIND.NS,PB-L,LONG,556.45,524.99,629.86,2.33,6,Textiles,SL_HIT,524.99,2026-08-18,SL,-5.65,5.0,5.0,MEDIUM,
2026-08-13,SOFTTECH.NS,PB-L,LONG,431.9,414.1,473.44,2.33,6,Technology,SL_HIT,414.1,2026-08-18,SL,-4.12,5.0,8.0,HIGH,
2026-08-13,ARMANFIN.NS,BO-L,LONG,2147.9,2031.53,2419.43,2.33,5,NBFC,SL_HIT,2031.53,2026-08-14,SL,-5.42,1.0,1.0,LOW,
2026-08-13,EPL.NS,BO-L,LONG,250.38,239.17,276.54,2.33,5,Consumer Cyclical,SL_HIT,239.17,2026-09-01,SL,-4.48,19.0,4.0,MEDIUM,
2026-08-13,MUNJALAU.NS,BO-L,LONG,115.31,108.67,130.79,2.33,5,Consumer Cyclical,SL_HIT,108.67,2026-09-10,SL,-5.76,28.0,3.0,LOW,
2026-08-13,NETWEB.NS,BO-L,LONG,5119.0,4822.5,5810.84,2.33,5,IT - Mid & Small,TP_HIT,5810.84,2026-08-24,TP,13.52,11.0,4.0,MEDIUM,
2026-08-13,OMAXE.NS,BO-L,LONG,98.37,91.09,115.36,2.33,5,Real Estate,TP_HIT,115.36,2026-08-28,TP,17.27,15.0,2.0,LOW,
2026-08-13,PRECWIRE.NS,BO-L,LONG,461.35,428.69,537.56,2.33,5,Industrials,SL_HIT,428.69,2026-08-19,SL,-7.08,6.0,6.0,MEDIUM,
2026-08-13,RPEL.NS,BO-L,LONG,1343.0,1269.9,1513.56,2.33,5,Basic Materials,TP_HIT,1513.56,2026-08-19,TP,12.7,6.0,5.0,MEDIUM,
2026-08-13,PITTIENG.NS,BO-L,LONG,1063.35,1014.47,1177.39,2.33,4,Industrials,TP_HIT,1177.39,2026-09-07,TP,10.72,25.0,3.0,LOW,
2026-08-14,KNAGRI.NS,BO-L,LONG,226.0,212.89,256.59,2.33,5,Consumer Defensive,SL_HIT,212.89,2026-08-18,SL,-5.8,4.0,4.0,MEDIUM,
2026-08-14,KRBL.NS,BO-L,LONG,392.65,373.82,436.58,2.33,5,Agri & Fertilizers,TP_HIT,436.58,2026-08-24,TP,11.19,10.0,6.0,MEDIUM,
2026-08-14,PARAS.NS,BO-L,LONG,1374.2,1291.01,1568.3,2.33,5,Industrials,TP_HIT,1568.3,2026-08-19,TP,14.12,5.0,4.0,MEDIUM,
2026-08-14,SANSERA.NS,BO-L,LONG,4012.6,3775.89,4564.92,2.33,5,Consumer Cyclical,SL_HIT,3775.89,2026-08-25,SL,-5.9,11.0,6.0,MEDIUM,
2026-08-14,TASTYBITE.NS,BO-L,LONG,10114.0,9533.9,11467.57,2.33,5,Consumer Defensive,EXPIRED,10273.0,2026-09-11,EXPIRED,1.57,28.0,5.0,MEDIUM,
2026-08-14,UCAL.NS,BO-L,LONG,139.7,131.2,159.53,2.33,5,Consumer Cyclical,TP_HIT,159.53,2026-08-17,TP,14.19,3.0,3.0,LOW,
2026-08-14,EIMCOELECO.NS,BO-L,LONG,1940.1,1831.1,2194.43,2.33,4,Industrials,TP_HIT,2194.43,2026-08-17,TP,13.11,3.0,2.0,LOW,
2026-08-17,GUFICBIO.NS,PB-L,LONG,413.0,388.34,470.53,2.33,6,Healthcare,EXPIRED,421.0,2026-09-16,EXPIRED,1.94,30.0,3.0,LOW,
2026-08-17,GLOBAL.NS,BO-L,LONG,108.63,101.3,125.74,2.33,5,Consumer Defensive,TP_HIT,125.74,2026-09-04,TP,15.75,18.0,6.0,MEDIUM,
2026-08-18,DBOL.NS,BO-L,LONG,125.01,116.26,145.44,2.33,5,Consumer Defensive,SL_HIT,116.26,2026-09-15,SL,-7.0,28.0,5.0,MEDIUM,
2026-08-18,MAWANASUG.NS,BO-L,LONG,129.39,120.27,150.67,2.33,5,Consumer Defensive,TP_HIT,150.67,2026-08-21,TP,16.45,3.0,2.0,LOW,
2026-08-18,MMFL.NS,BO-L,LONG,666.75,622.26,770.57,2.33,5,NBFC,SL_HIT,622.26,2026-08-26,SL,-6.67,8.0,2.0,LOW,
2026-08-18,NEOGEN.NS,BO-L,LONG,2431.2,2268.17,2811.61,2.33,5,Chemicals,SL_HIT,2268.17,2026-08-20,SL,-6.71,2.0,3.0,LOW,
2026-08-18,SHAHALLOYS.NS,BO-L,LONG,78.99,73.58,91.62,2.33,5,Basic Materials,TP_HIT,91.62,2026-08-28,TP,15.99,10.0,4.0,MEDIUM,
2026-08-18,WELSPUNLIV.NS,BO-L,LONG,180.16,169.14,205.87,2.33,5,Textiles,TP_HIT,205.87,2026-09-04,TP,14.27,17.0,4.0,MEDIUM,
2026-08-19,BLISSGVS.NS,BO-L,LONG,569.1,528.31,664.28,2.33,5,Healthcare,TP_HIT,664.28,2026-09-03,TP,16.72,15.0,6.0,MEDIUM,
2026-08-19,DWARKESH.NS,BO-L,LONG,49.77,46.5,57.41,2.34,5,Consumer Defensive,TP_HIT,57.41,2026-08-24,TP,15.35,5.0,4.0,MEDIUM,
2026-08-19,MANALIPETC.NS,BO-L,LONG,76.82,72.03,88.0,2.33,5,Basic Materials,SL_HIT,72.03,2026-08-27,SL,-6.24,8.0,4.0,MEDIUM,
2026-08-20,TAINWALCHM.NS,BO-L,LONG,237.33,220.98,275.48,2.33,5,Basic Materials,SL_HIT,220.98,2026-08-21,SL,-6.89,1.0,3.0,LOW,
2026-08-21,JSFB.NS,BO-L,LONG,599.6,561.15,689.32,2.33,5,Financial Services,SL_HIT,561.15,2026-08-26,SL,-6.41,5.0,3.0,LOW,
2026-08-21,MAHSEAMLES.NS,BO-L,LONG,648.4,623.4,706.73,2.33,5,Metals & Mining,TP_HIT,706.73,2026-09-07,TP,9.0,17.0,3.0,LOW,
2026-08-21,TPLPLASTEH.NS,BO-L,LONG,81.98,77.56,92.29,2.33,5,Consumer Cyclical,SL_HIT,77.56,2026-08-26,SL,-5.39,5.0,7.0,HIGH,
2026-08-21,VOLTAMP.NS,BO-L,LONG,10852.0,10417.02,11866.95,2.33,5,Capital Goods,SL_HIT,10417.02,2026-09-16,SL,-4.01,26.0,3.0,LOW,
2026-08-21,PALREDTEC.NS,BO-L,LONG,58.0,54.11,67.07,2.33,4,Technology,SL_HIT,54.11,2026-08-31,SL,-6.71,10.0,3.0,LOW,
2026-08-24,BLUSPRING.NS,BO-L,LONG,133.57,122.66,159.04,2.33,5,Industrials,SL_HIT,122.66,2026-08-25,SL,-8.17,1.0,0.0,LOW,
2026-08-24,CORDSCABLE.NS,BO-L,LONG,253.39,238.15,288.95,2.33,5,Industrials,TP_HIT,288.95,2026-08-31,TP,14.03,7.0,7.0,HIGH,
2026-08-24,LTFOODS.NS,BO-L,LONG,450.7,432.66,492.8,2.33,5,Consumer Defensive,SL_HIT,432.66,2026-08-31,SL,-4.0,7.0,5.0,MEDIUM,
2026-08-24,FCL.NS,BO-L,LONG,49.84,45.97,58.88,2.34,4,Basic Materials,TP_HIT,58.88,2026-09-08,TP,18.14,15.0,2.0,LOW,
2026-08-25,BEPL.NS,BO-L,LONG,129.28,122.2,145.8,2.33,5,Basic Materials,SL_HIT,122.2,2026-08-27,SL,-5.48,2.0,2.0,LOW,
2026-08-25,DCBBANK.NS,BO-L,LONG,206.72,196.42,230.76,2.33,5,Banking - Private,TP_HIT,230.76,2026-09-08,TP,11.63,14.0,3.0,LOW,
2026-08-25,FMGOETZE.NS,BO-L,LONG,536.4,506.85,605.36,2.33,5,Consumer Cyclical,TP_HIT,605.36,2026-08-28,TP,12.86,3.0,4.0,MEDIUM,
2026-08-25,PARADEEP.NS,BO-L,LONG,159.05,151.2,177.37,2.33,5,Basic Materials,SL_HIT,151.2,2026-09-15,SL,-4.94,21.0,2.0,LOW,
2026-08-26,HINDCOPPER.NS,PB-L,LONG,548.35,513.56,629.52,2.33,7,Metals & Mining,SL_HIT,513.56,2026-09-07,SL,-6.34,12.0,7.0,HIGH,
2026-08-26,IOLCP.NS,BO-L,LONG,181.43,167.47,214.0,2.33,5,Healthcare,TP_HIT,214.0,2026-09-07,TP,17.95,12.0,5.0,MEDIUM,
2026-08-26,SHREEPUSHK.NS,BO-L,LONG,453.25,424.03,521.44,2.33,4,Basic Materials,TP_HIT,521.44,2026-09-07,TP,15.04,12.0,5.0,MEDIUM,
2026-08-27,ADANIENT.NS,BO-L,LONG,3169.0,3071.08,3397.48,2.33,5,Diversified,SL_HIT,3071.08,2026-08-31,SL,-3.09,4.0,0.0,LOW,
2026-08-27,DCMNVL.NS,BO-L,LONG,190.98,178.08,221.07,2.33,5,Consumer Cyclical,SL_HIT,178.08,2026-09-09,SL,-6.75,13.0,4.0,MEDIUM,
2026-08-27,JINDALSAW.NS,BO-L,LONG,310.25,293.47,349.41,2.33,5,Infrastructure,SL_HIT,293.47,2026-09-15,SL,-5.41,19.0,4.0,MEDIUM,
2026-08-27,LAURUSLABS.NS,BO-L,LONG,1929.4,1867.26,2074.4,2.33,5,Pharma,SL_HIT,1867.26,2026-08-31,SL,-3.22,4.0,7.0,HIGH,
2026-08-27,MANOMAY.NS,BO-L,LONG,227.91,215.86,256.02,2.33,5,Consumer Cyclical,EXPIRED,229.12,2026-09-25,EXPIRED,0.53,29.0,2.0,LOW,
2026-08-27,MEDANTA.NS,BO-L,LONG,1508.9,1446.07,1655.5,2.33,5,Healthcare,SL_HIT,1446.07,2026-09-02,SL,-4.16,6.0,4.0,MEDIUM,
2026-08-27,OAL.NS,BO-L,LONG,428.95,399.18,498.41,2.33,5,Basic Materials,TP_HIT,498.41,2026-09-03,TP,16.19,7.0,2.0,LOW,
2026-08-27,PRUDENT.NS,BO-L,LONG,3473.5,3301.39,3875.1,2.33,5,Capital Markets,TP_HIT,3875.1,2026-08-31,TP,11.56,4.0,3.0,LOW,
2026-08-27,VINCOFE.NS,BO-L,LONG,174.65,163.84,199.88,2.33,5,Consumer Defensive,SL_HIT,163.84,2026-09-16,SL,-6.19,20.0,4.0,MEDIUM,
2026-08-28,PDSL.NS,PB-L,LONG,369.75,350.96,413.6,2.33,7,Industrials,SL_HIT,350.96,2026-09-02,SL,-5.08,5.0,3.0,LOW,
2026-08-28,AEROFLEX.NS,BO-L,LONG,542.1,505.44,627.64,2.33,5,Electronics & EMS,SL_HIT,505.44,2026-09-16,SL,-6.76,19.0,3.0,LOW,
2026-08-28,AGI.NS,BO-L,LONG,774.8,737.68,861.41,2.33,5,Consumer Cyclical,SL_HIT,737.68,2026-09-04,SL,-4.79,7.0,5.0,MEDIUM,
2026-08-28,ARIS.NS,BO-L,LONG,151.31,142.67,171.47,2.33,5,Industrials,SL_HIT,142.67,2026-08-31,SL,-5.71,3.0,7.0,HIGH,
2026-08-28,ATHERENERG.NS,BO-L,LONG,1616.3,1525.55,1828.06,2.33,5,Consumer Cyclical,SL_HIT,1525.55,2026-09-16,SL,-5.61,19.0,4.0,MEDIUM,
2026-08-28,BHAGERIA.NS,BO-L,LONG,238.75,224.1,272.94,2.33,5,Basic Materials,TP_HIT,272.94,2026-09-02,TP,14.32,5.0,4.0,MEDIUM,
2026-08-28,CRAFTSMAN.NS,BO-L,LONG,11118.0,10637.56,12239.02,2.33,5,Auto Ancillaries,SL_HIT,10637.56,2026-09-16,SL,-4.32,19.0,6.0,MEDIUM,
2026-08-28,DYCL.NS,BO-L,LONG,487.6,453.34,567.55,2.33,5,Industrials,SL_HIT,453.34,2026-09-07,SL,-7.03,10.0,5.0,MEDIUM,
2026-08-28,EBGNG.NS,BO-L,LONG,635.1,588.41,744.03,2.33,5,Technology,SL_HIT,588.41,2026-09-04,SL,-7.35,7.0,6.0,MEDIUM,
2026-08-28,GENUSPOWER.NS,BO-L,LONG,349.7,330.84,393.7,2.33,5,Industrials,SL_HIT,330.84,2026-09-01,SL,-5.39,4.0,4.0,MEDIUM,
2026-08-28,GHCLTEXTIL.NS,BO-L,LONG,130.79,122.57,149.97,2.33,5,Consumer Cyclical,SL_HIT,122.57,2026-09-15,SL,-6.28,18.0,4.0,MEDIUM,
2026-08-28,GLENMARK.NS,BO-L,LONG,2515.0,2424.43,2726.33,2.33,5,Pharma,SL_HIT,2424.43,2026-09-02,SL,-3.6,5.0,7.0,HIGH,
2026-08-28,IFCI.NS,BO-L,LONG,89.96,84.88,101.82,2.33,5,Financial Services,TP_HIT,101.82,2026-09-04,TP,13.18,7.0,4.0,MEDIUM,
2026-08-28,INGERRAND.NS,BO-L,LONG,4860.2,4642.82,5367.43,2.33,5,Industrials,SL_HIT,4642.82,2026-09-10,SL,-4.47,13.0,4.0,MEDIUM,
2026-08-28,JTLIND.NS,BO-L,LONG,89.87,84.74,101.83,2.33,5,Basic Materials,SL_HIT,84.74,2026-09-15,SL,-5.71,18.0,3.0,LOW,
2026-08-28,KALYANIFRG.NS,BO-L,LONG,761.95,704.36,896.33,2.33,5,Consumer Cyclical,TP_HIT,896.33,2026-08-31,TP,17.64,3.0,3.0,LOW,
2026-08-28,LANCORHOL.NS,BO-L,LONG,33.93,30.53,41.87,2.34,5,Real Estate,EXPIRED,33.59,2026-09-25,EXPIRED,-1.0,28.0,3.0,LOW,
2026-08-28,MANAKSTEEL.NS,BO-L,LONG,94.79,88.85,108.66,2.34,5,Basic Materials,TP_HIT,108.66,2026-09-02,TP,14.63,5.0,7.0,HIGH,
2026-08-28,NIITLTD.NS,BO-L,LONG,105.52,100.0,118.39,2.33,5,Consumer Defensive,SL_HIT,100.0,2026-09-02,SL,-5.23,5.0,2.0,LOW,
2026-08-28,PERSISTENT.NS,BO-L,LONG,5875.0,5652.51,6394.15,2.33,5,IT - Large Cap,SL_HIT,5652.51,2026-08-31,SL,-3.79,3.0,8.0,HIGH,
2026-08-28,PRECWIRE.NS,BO-L,LONG,507.35,470.22,593.99,2.33,5,Industrials,SL_HIT,470.22,2026-09-04,SL,-7.32,7.0,4.0,MEDIUM,
2026-08-28,PTCIL.NS,BO-L,LONG,22110.0,20978.52,24750.11,2.33,5,Industrials,EXPIRED,21810.0,2026-09-25,EXPIRED,-1.36,28.0,5.0,MEDIUM,
2026-08-28,QPOWER.NS,BO-L,LONG,1431.2,1346.19,1629.55,2.33,5,Industrials,SL_HIT,1346.19,2026-09-16,SL,-5.94,19.0,4.0,MEDIUM,
2026-08-28,SAIL.NS,BO-L,LONG,200.0,189.95,223.44,2.33,5,Metals & Mining,SL_HIT,189.95,2026-09-07,SL,-5.03,10.0,5.0,MEDIUM,
2026-08-28,SHYAMMETL.NS,BO-L,LONG,1099.8,1054.74,1204.95,2.33,5,Metals & Mining,SL_HIT,1054.74,2026-09-07,SL,-4.1,10.0,5.0,MEDIUM,
2026-08-28,STEL.NS,BO-L,LONG,636.9,602.79,716.5,2.33,5,Financial Services,SL_HIT,602.79,2026-09-02,SL,-5.36,5.0,5.0,MEDIUM,
2026-08-28,STLTECH.NS,BO-L,LONG,723.75,677.37,831.96,2.33,5,Technology,SL_HIT,677.37,2026-09-02,SL,-6.41,5.0,5.0,MEDIUM,
2026-08-31,OBEROIRLTY.NS,PB-L,LONG,1868.0,1799.1,2028.77,2.33,7,Real Estate,SL_HIT,1799.1,2026-09-09,SL,-3.69,9.0,4.0,MEDIUM,
2026-08-31,TVSMOTOR.NS,PB-L,LONG,4341.3,4201.02,4668.62,2.33,7,Auto OEM,SL_HIT,4201.02,2026-09-01,SL,-3.23,1.0,5.0,MEDIUM,
2026-08-31,BALRAMCHIN.NS,PB-L,LONG,693.5,635.3,829.29,2.33,6,Agri & Fertilizers,EXPIRED,662.85,2026-09-30,EXPIRED,-4.42,30.0,3.0,LOW,
2026-08-31,GAEL.NS,PB-L,LONG,176.92,165.88,202.68,2.33,6,Consumer Defensive,SL_HIT,165.88,2026-09-07,SL,-6.24,7.0,4.0,MEDIUM,
2026-08-31,KSL.NS,PB-L,LONG,909.75,852.6,1043.09,2.33,6,Basic Materials,EXPIRED,965.4,2026-09-30,EXPIRED,6.12,30.0,2.0,LOW,
2026-08-31,BAJAJ-AUTO.NS,BASE-BO,LONG,12130.0,11819.76,12853.89,2.33,5,Auto OEM,SL_HIT,11819.76,2026-09-07,SL,-2.56,7.0,5.0,MEDIUM,
2026-08-31,TORNTPHARM.NS,BASE-BO,LONG,5066.0,4897.27,5459.7,2.33,5,Pharma - Large Cap,SL_HIT,4897.27,2026-09-03,SL,-3.33,3.0,5.0,MEDIUM,
2026-08-31,ADOR.NS,BO-L,LONG,1705.2,1590.05,1973.87,2.33,5,Industrials,SL_HIT,1590.05,2026-09-11,SL,-6.75,11.0,4.0,MEDIUM,
2026-08-31,APCOTEXIND.NS,BO-L,LONG,646.3,612.25,725.75,2.33,5,Basic Materials,SL_HIT,612.25,2026-09-08,SL,-5.27,8.0,5.0,MEDIUM,
2026-08-31,BAJAJHLDNG.NS,BO-L,LONG,11644.0,11264.4,12529.74,2.33,5,Diversified,SL_HIT,11264.4,2026-09-02,SL,-3.26,2.0,5.0,MEDIUM,
2026-08-31,BHEL.NS,BO-L,LONG,442.65,424.58,484.82,2.33,5,Defence & Railways,SL_HIT,424.58,2026-09-01,SL,-4.08,1.0,5.0,MEDIUM,
2026-08-31,BIRLACABLE.NS,BO-L,LONG,309.86,287.22,362.7,2.33,5,Technology,TP_HIT,362.7,2026-09-04,TP,17.05,4.0,4.0,MEDIUM,
2026-08-31,ENGINERSIN.NS,BO-L,LONG,261.87,249.36,291.06,2.33,5,Infrastructure,TP_HIT,291.06,2026-09-22,TP,11.15,22.0,5.0,MEDIUM,
2026-08-31,HARSHA.NS,BO-L,LONG,455.9,432.81,509.79,2.33,5,Industrials,SL_HIT,432.81,2026-09-15,SL,-5.06,15.0,4.0,MEDIUM,
2026-08-31,ICIL.NS,BO-L,LONG,469.45,431.79,557.31,2.33,5,Consumer Cyclical,SL_HIT,431.79,2026-09-01,SL,-8.02,1.0,4.0,MEDIUM,
2026-08-31,KPRMILL.NS,BO-L,LONG,1177.6,1124.17,1302.27,2.33,5,Consumer Cyclical,SL_HIT,1124.17,2026-09-08,SL,-4.54,8.0,3.0,LOW,
2026-08-31,MANALIPETC.NS,BO-L,LONG,81.75,75.88,95.45,2.33,5,Basic Materials,EXPIRED,80.98,2026-09-30,EXPIRED,-0.94,30.0,4.0,MEDIUM,
2026-08-31,NORTHARC.NS,BO-L,LONG,311.65,293.18,354.75,2.33,5,Financial Services,SL_HIT,293.18,2026-09-02,SL,-5.93,2.0,4.0,MEDIUM,
2026-08-31,NYKAA.NS,BO-L,LONG,349.55,337.71,377.17,2.33,5,Consumer & FMCG,SL_HIT,337.71,2026-09-01,SL,-3.39,1.0,7.0,HIGH,
2026-08-31,ORIENTBELL.NS,BO-L,LONG,390.4,368.03,442.6,2.33,5,Industrials,EXPIRED,398.55,2026-09-30,EXPIRED,2.09,30.0,5.0,MEDIUM,
2026-08-31,PETRONET.NS,BO-L,LONG,300.6,291.17,322.59,2.33,5,Oil & Gas,SL_HIT,291.17,2026-09-01,SL,-3.14,1.0,4.0,MEDIUM,
2026-08-31,QUESS.NS,BO-L,LONG,381.75,358.15,436.81,2.33,5,Industrials,SL_HIT,358.15,2026-09-04,SL,-6.18,4.0,4.0,MEDIUM,
2026-08-31,SPAL.NS,BO-L,LONG,1050.25,974.44,1227.13,2.33,5,Consumer Cyclical,SL_HIT,974.44,2026-09-15,SL,-7.22,15.0,3.0,LOW,
2026-08-31,STOVEKRAFT.NS,BO-L,LONG,849.2,795.96,973.43,2.33,5,Consumer Cyclical,SL_HIT,795.96,2026-09-28,SL,-6.27,28.0,6.0,MEDIUM,
2026-08-31,SUDARSCHEM.NS,BO-L,LONG,1266.8,1197.9,1427.56,2.33,5,Chemicals,SL_HIT,1197.9,2026-09-15,SL,-5.44,15.0,5.0,MEDIUM,
2026-08-31,SUNPHARMA.NS,BO-L,LONG,1984.8,1933.39,2104.76,2.33,5,Pharma - Large Cap,SL_HIT,1933.39,2026-09-01,SL,-2.59,1.0,4.0,MEDIUM,
2026-08-31,SVLL.NS,BO-L,LONG,815.55,785.52,885.62,2.33,5,Industrials,SL_HIT,785.52,2026-09-11,SL,-3.68,11.0,3.0,LOW,
2026-08-31,TBOTEK.NS,BO-L,LONG,1745.1,1657.22,1950.15,2.33,5,Consumer Cyclical,SL_HIT,1657.22,2026-09-11,SL,-5.04,11.0,2.0,LOW,
2026-08-31,TMB.NS,BO-L,LONG,932.6,890.28,1031.35,2.33,5,Banking - Private,SL_HIT,890.28,2026-09-15,SL,-4.54,15.0,2.0,LOW,
2026-08-31,VENKEYS.NS,BO-L,LONG,1702.0,1609.0,1919.01,2.33,5,Consumer Defensive,SL_HIT,1609.0,2026-09-29,SL,-5.46,29.0,5.0,MEDIUM,
2026-08-31,CNL.NS,BO-L,LONG,1279.6,1188.11,1493.07,2.33,4,Technology,SL_HIT,1188.11,2026-09-08,SL,-7.15,8.0,4.0,MEDIUM,
2026-08-31,MAZDA.NS,BO-L,LONG,251.82,238.53,282.82,2.33,4,Industrials,TP_HIT,282.82,2026-09-28,TP,12.31,28.0,2.0,LOW,
2026-09-01,BEPL.NS,PB-L,LONG,125.96,118.42,143.56,2.33,7,Basic Materials,SL_HIT,118.42,2026-09-16,SL,-5.99,15.0,2.0,LOW,
2026-09-01,HMT.NS,PB-L,LONG,64.27,60.24,73.68,2.33,6,Industrials,SL_HIT,60.24,2026-09-16,SL,-6.27,15.0,2.0,LOW,
2026-09-01,AAREYDRUGS.NS,BO-L,LONG,91.27,85.31,105.17,2.33,5,Healthcare,TP_HIT,105.17,2026-10-01,TP,15.23,30.0,3.0,LOW,
2026-09-01,AYMSYNTEX.NS,BO-L,LONG,297.0,271.82,355.76,2.33,5,Consumer Cyclical,SL_HIT,271.82,2026-09-15,SL,-8.48,14.0,4.0,MEDIUM,
2026-09-01,CAPLIPOINT.NS,BO-L,LONG,2684.7,2547.46,3004.93,2.33,5,Healthcare,SL_HIT,2547.46,2026-09-16,SL,-5.11,15.0,4.0,MEDIUM,
2026-09-01,LUMAXIND.NS,BO-L,LONG,6399.5,6060.25,7191.08,2.33,5,Consumer Cyclical,SL_HIT,6060.25,2026-09-11,SL,-5.3,10.0,6.0,MEDIUM,
2026-09-01,PLAZACABLE.NS,BO-L,LONG,59.37,55.12,69.29,2.33,5,Industrials,EXPIRED,57.12,2026-10-01,EXPIRED,-3.79,30.0,5.0,MEDIUM,
2026-09-01,SAILIFE.NS,BO-L,LONG,1528.6,1459.61,1689.58,2.33,5,Healthcare,TP_HIT,1689.58,2026-09-09,TP,10.53,8.0,7.0,HIGH,
2026-09-01,SOTL.NS,BO-L,LONG,764.7,709.83,892.74,2.33,5,Basic Materials,SL_HIT,709.83,2026-09-07,SL,-7.18,6.0,4.0,MEDIUM,
2026-09-01,SSWL.NS,BO-L,LONG,344.75,324.91,391.04,2.33,5,Consumer Cyclical,TP_HIT,391.04,2026-09-25,TP,13.43,24.0,3.0,LOW,
2026-09-01,VISHNU.NS,BO-L,LONG,663.45,633.95,732.29,2.33,5,Basic Materials,TP_HIT,732.29,2026-09-07,TP,10.38,6.0,3.0,LOW,
2026-09-01,ALIVUS.NS,BO-L,LONG,1426.1,1351.57,1600.0,2.33,4,Healthcare,SL_HIT,1351.57,2026-09-15,SL,-5.23,14.0,3.0,LOW,
2026-09-01,GANDHAR.NS,BO-L,LONG,261.1,245.87,296.63,2.33,4,Energy,EXPIRED,282.6,2026-10-01,EXPIRED,8.23,30.0,3.0,LOW,
2026-09-01,UDS.NS,BO-L,LONG,225.87,215.44,250.21,2.33,4,Industrials,SL_HIT,215.44,2026-09-08,SL,-4.62,7.0,4.0,MEDIUM,
2026-09-02,BEML.NS,BO-L,LONG,2028.7,1938.88,2238.29,2.33,5,Defence & Railways,SL_HIT,1938.88,2026-09-15,SL,-4.43,13.0,1.0,LOW,
2026-09-02,RAYMOND.NS,BO-L,LONG,671.0,636.82,750.75,2.33,5,Textiles,TP_HIT,750.75,2026-09-03,TP,11.89,1.0,4.0,MEDIUM,
2026-09-02,RISHABH.NS,BO-L,LONG,736.45,684.18,858.41,2.33,5,Capital Goods,SL_HIT,684.18,2026-10-01,SL,-7.1,29.0,5.0,MEDIUM,
2026-09-02,VINDHYATEL.NS,BO-L,LONG,2714.2,2518.89,3169.91,2.33,5,Industrials,SL_HIT,2518.89,2026-09-16,SL,-7.2,14.0,3.0,LOW,
2026-09-02,ZIMLAB.NS,BO-L,LONG,132.1,122.29,155.0,2.33,5,Healthcare,EXPIRED,137.02,2026-10-01,EXPIRED,3.72,29.0,2.0,LOW,
2026-09-03,AARTIDRUGS.NS,BO-L,LONG,434.4,414.57,480.68,2.33,5,Healthcare,SL_HIT,414.57,2026-09-16,SL,-4.56,13.0,5.0,MEDIUM,
2026-09-03,AMDIND.NS,BO-L,LONG,59.85,54.74,71.76,2.33,5,Consumer Cyclical,TP_HIT,71.76,2026-09-15,TP,19.9,12.0,3.0,LOW,
2026-09-03,CGCL.NS,BO-L,LONG,271.25,253.88,311.79,2.33,5,Financial Services,SL_HIT,253.88,2026-09-16,SL,-6.4,13.0,4.0,MEDIUM,
2026-09-03,DEEPINDS.NS,BO-L,LONG,736.8,683.59,860.95,2.33,5,Energy,EXPIRED,749.0,2026-10-01,EXPIRED,1.66,28.0,6.0,MEDIUM,
2026-09-03,EDELWEISS.NS,BO-L,LONG,132.71,125.1,150.46,2.33,5,Financial Services,SL_HIT,125.1,2026-09-15,SL,-5.73,12.0,3.0,LOW,
2026-09-03,EIMCOELECO.NS,BO-L,LONG,2300.8,2176.71,2590.34,2.33,5,Industrials,EXPIRED,2268.8,2026-10-01,EXPIRED,-1.39,28.0,2.0,LOW,
2026-09-03,HINDOILEXP.NS,BO-L,LONG,183.59,173.58,206.94,2.33,5,Energy,SL_HIT,173.58,2026-09-16,SL,-5.45,13.0,4.0,MEDIUM,
2026-09-03,IDFCFIRSTB.NS,BO-L,LONG,87.37,84.85,93.26,2.34,5,Banking - Private,SL_HIT,84.85,2026-09-15,SL,-2.88,12.0,2.0,LOW,
2026-09-03,JKPAPER.NS,BO-L,LONG,410.6,392.31,453.27,2.33,5,Paper & Packaging,SL_HIT,392.31,2026-09-29,SL,-4.45,26.0,2.0,LOW,
2026-09-03,KAMDHENU.NS,BO-L,LONG,38.7,35.91,45.21,2.33,5,Basic Materials,EXPIRED,37.59,2026-10-01,EXPIRED,-2.87,28.0,3.0,LOW,
2026-09-03,KOPRAN.NS,BO-L,LONG,238.3,220.98,278.72,2.33,5,Healthcare,TP_HIT,278.72,2026-09-18,TP,16.96,15.0,3.0,LOW,
2026-09-03,RBZJEWEL.NS,BO-L,LONG,185.19,168.22,224.78,2.33,5,Consumer Cyclical,SL_HIT,168.22,2026-09-15,SL,-9.16,12.0,5.0,MEDIUM,
2026-09-03,SMLMAH.NS,BO-L,LONG,5728.5,5336.48,6643.2,2.33,5,Consumer Cyclical,TP_HIT,6643.2,2026-09-10,TP,15.97,7.0,4.0,MEDIUM,
2026-09-03,SOLARINDS.NS,BO-L,LONG,21500.0,20653.65,23474.82,2.33,5,Defence & Railways,SL_HIT,20653.65,2026-09-15,SL,-3.94,12.0,5.0,MEDIUM,
2026-09-03,TEXINFRA.NS,BO-L,LONG,116.61,112.07,127.19,2.33,5,Real Estate,SL_HIT,112.07,2026-09-16,SL,-3.89,13.0,4.0,MEDIUM,
2026-09-03,WHEELS.NS,BO-L,LONG,1666.0,1568.97,1892.41,2.33,5,Consumer Cyclical,TP_HIT,1892.41,2026-09-08,TP,13.59,5.0,5.0,MEDIUM,
2026-09-03,YUKEN.NS,BO-L,LONG,1015.65,954.48,1158.37,2.33,5,Industrials,EXPIRED,1141.4,2026-10-01,EXPIRED,12.38,28.0,2.0,LOW,
2026-09-03,ANTELOPUS.NS,BO-L,LONG,1001.1,933.41,1159.05,2.33,4,Energy,SL_HIT,933.41,2026-09-04,SL,-6.76,1.0,5.0,MEDIUM,
2026-09-04,CARERATING.NS,PB-L,LONG,1737.6,1655.8,1928.47,2.33,6,Financial Services,SL_HIT,1655.8,2026-09-11,SL,-4.71,7.0,4.0,MEDIUM,
2026-09-04,MEDANTA.NS,PB-L,LONG,1470.0,1399.43,1634.66,2.33,6,Healthcare,SL_HIT,1399.43,2026-09-16,SL,-4.8,12.0,4.0,MEDIUM,
2026-09-04,63MOONS.NS,BO-L,LONG,883.0,824.25,1020.08,2.33,5,Technology,SL_HIT,824.25,2026-09-22,SL,-6.65,18.0,4.0,MEDIUM,
2026-09-04,ACMESOLAR.NS,BO-L,LONG,421.7,397.97,477.07,2.33,5,Utilities,SL_HIT,397.97,2026-09-10,SL,-5.63,6.0,5.0,MEDIUM,
2026-09-04,BALAMINES.NS,BO-L,LONG,2507.5,2344.93,2886.83,2.33,5,Basic Materials,SL_HIT,2344.93,2026-09-09,SL,-6.48,5.0,2.0,LOW,
2026-09-04,GLAND.NS,BO-L,LONG,2940.9,2808.53,3249.76,2.33,5,Pharma,SL_HIT,2808.53,2026-09-16,SL,-4.5,12.0,6.0,MEDIUM,
2026-09-04,INDORAMA.NS,BO-L,LONG,72.61,66.49,86.88,2.33,5,Consumer Cyclical,TP_HIT,86.88,2026-09-09,TP,19.65,5.0,4.0,MEDIUM,
2026-09-04,INNOVACAP.NS,BO-L,LONG,1172.2,1098.31,1344.6,2.33,5,Healthcare,SL_HIT,1098.31,2026-09-16,SL,-6.3,12.0,4.0,MEDIUM,
2026-09-04,RBLBANK.NS,BO-L,LONG,416.6,402.99,448.36,2.33,5,Banking - Private,SL_HIT,402.99,2026-09-15,SL,-3.27,11.0,2.0,LOW,
2026-09-04,RML.NS,BO-L,LONG,1311.8,1229.62,1503.55,2.33,5,Consumer Cyclical,EXPIRED,1343.2,2026-10-01,EXPIRED,2.39,27.0,4.0,MEDIUM,
2026-09-04,TEJASNET.NS,BO-L,LONG,613.65,577.18,698.76,2.33,5,Technology,SL_HIT,577.18,2026-09-09,SL,-5.94,5.0,2.0,LOW,
2026-09-04,UNITEDPOLY.NS,BO-L,LONG,41.26,37.82,49.29,2.33,5,Consumer Cyclical,EXPIRED,47.05,2026-10-01,EXPIRED,14.03,27.0,4.0,MEDIUM,
2026-09-04,IGPL.NS,BO-L,LONG,556.1,523.94,631.14,2.33,4,Basic Materials,SL_HIT,523.94,2026-09-16,SL,-5.78,12.0,2.0,LOW,
2026-09-07,AEROENTER.NS,BO-L,LONG,151.34,140.33,177.03,2.33,5,Basic Materials,SL_HIT,140.33,2026-09-10,SL,-7.28,3.0,4.0,MEDIUM,
2026-09-07,ASAHISONG.NS,BO-L,LONG,391.25,365.81,450.6,2.33,5,Basic Materials,SL_HIT,365.81,2026-09-11,SL,-6.5,4.0,3.0,LOW,
2026-09-07,AVALON.NS,BO-L,LONG,2419.9,2225.82,2872.75,2.33,5,Technology,SL_HIT,2225.82,2026-09-11,SL,-8.02,4.0,4.0,MEDIUM,
2026-09-07,CENTUM.NS,BO-L,LONG,4244.5,3981.86,4857.32,2.33,5,Technology,SL_HIT,3981.86,2026-09-15,SL,-6.19,8.0,5.0,MEDIUM,
2026-09-07,FEDFINA.NS,BO-L,LONG,166.31,158.85,183.71,2.33,5,Financial Services,SL_HIT,158.85,2026-09-09,SL,-4.49,2.0,3.0,LOW,
2026-09-07,GANESHBE.NS,BO-L,LONG,129.39,120.07,151.13,2.33,5,Basic Materials,SL_HIT,120.07,2026-09-16,SL,-7.2,9.0,4.0,MEDIUM,
2026-09-07,GPTHEALTH.NS,BO-L,LONG,161.12,154.14,177.41,2.33,5,Healthcare,SL_HIT,154.14,2026-09-28,SL,-4.33,21.0,4.0,MEDIUM,
2026-09-07,IDEA.NS,BO-L,LONG,15.63,14.88,17.39,2.35,5,Telecom & Media,SL_HIT,14.88,2026-09-10,SL,-4.8,3.0,3.0,LOW,
2026-09-07,KABRAEXTRU.NS,BO-L,LONG,635.6,586.81,749.45,2.33,5,Industrials,SL_HIT,586.81,2026-09-16,SL,-7.68,9.0,2.0,LOW,
2026-09-07,MOLDTECH.NS,BO-L,LONG,218.7,203.01,255.32,2.33,5,Industrials,SL_HIT,203.01,2026-09-11,SL,-7.17,4.0,5.0,MEDIUM,
2026-09-07,MSTCLTD.NS,BO-L,LONG,780.05,733.03,889.77,2.33,5,Metals & Mining,SL_HIT,733.03,2026-09-11,SL,-6.03,4.0,2.0,LOW,
2026-09-07,SAKAR.NS,BO-L,LONG,1091.0,1013.84,1271.03,2.33,5,Healthcare,SL_HIT,1013.84,2026-10-05,SL,-7.07,28.0,6.0,MEDIUM,
2026-09-07,SMCGLOBAL.NS,BO-L,LONG,84.51,80.62,93.59,2.33,5,Financial Services,TP_HIT,93.59,2026-09-10,TP,10.74,3.0,1.0,LOW,
2026-09-07,SREEL.NS,BO-L,LONG,278.0,259.06,322.19,2.33,5,Consumer Cyclical,TP_HIT,322.19,2026-09-09,TP,15.9,2.0,6.0,MEDIUM,
2026-09-07,SYRMA.NS,BO-L,LONG,1612.6,1529.7,1806.04,2.33,5,Electronics & EMS,SL_HIT,1529.7,2026-09-15,SL,-5.14,8.0,5.0,MEDIUM,
2026-09-07,THEMISMED.NS,BO-L,LONG,135.67,124.4,161.96,2.33,5,Healthcare,SL_HIT,124.4,2026-09-15,SL,-8.31,8.0,1.0,LOW,
2026-09-07,TNPL.NS,BO-L,LONG,160.42,151.71,180.73,2.33,5,Paper & Packaging,SL_HIT,151.71,2026-09-11,SL,-5.43,4.0,4.0,MEDIUM,
2026-09-07,TOTAL.NS,BO-L,LONG,76.8,70.27,92.03,2.33,5,Industrials,SL_HIT,70.27,2026-09-18,SL,-8.5,11.0,3.0,LOW,
2026-09-07,CHEVIOT.NS,BO-L,LONG,1204.3,1151.34,1327.87,2.33,4,Consumer Cyclical,SL_HIT,1151.34,2026-10-06,SL,-4.4,29.0,3.0,LOW,
2026-09-08,PVRINOX.NS,PB-L,LONG,1223.4,1155.88,1380.95,2.33,7,Telecom & Media,EXPIRED,1309.2,2026-10-08,EXPIRED,7.01,30,6.0,MEDIUM,
2026-09-08,MBAPL.NS,PB-L,LONG,165.46,155.78,188.05,2.33,6,Basic Materials,SL_HIT,155.78,2026-09-15,SL,-5.85,7.0,4.0,MEDIUM,
2026-09-08,PRINCEPIPE.NS,PB-L,LONG,285.15,272.69,314.22,2.33,6,Cement & Materials,SL_HIT,272.69,2026-09-11,SL,-4.37,3.0,5.0,MEDIUM,
2026-09-08,ASIANENE.NS,BO-L,LONG,548.25,506.16,646.45,2.33,5,Energy,SL_HIT,506.16,2026-09-15,SL,-7.68,7.0,5.0,MEDIUM,
2026-09-08,BALPHARMA.NS,BO-L,LONG,95.9,90.17,109.27,2.33,5,Healthcare,TP_HIT,109.27,2026-09-09,TP,13.94,1.0,3.0,LOW,
2026-09-08,CHEMCON.NS,BO-L,LONG,208.1,198.43,230.66,2.33,5,Basic Materials,TP_HIT,230.66,2026-09-22,TP,10.84,14.0,3.0,LOW,
2026-09-08,DIVISLAB.NS,BO-L,LONG,9506.5,9206.13,10207.37,2.33,5,Pharma - Large Cap,SL_HIT,9206.13,2026-09-15,SL,-3.16,7.0,4.0,MEDIUM,
2026-09-08,GUJTHEM.NS,BO-L,LONG,453.7,422.62,526.22,2.33,5,Healthcare,SL_HIT,422.62,2026-09-11,SL,-6.85,3.0,3.0,LOW,
2026-09-08,JAYAGROGN.NS,BO-L,LONG,252.83,236.54,290.83,2.33,5,Basic Materials,SL_HIT,236.54,2026-09-15,SL,-6.44,7.0,2.0,LOW,
2026-09-08,NITINSPIN.NS,BO-L,LONG,654.05,618.94,735.98,2.33,5,Consumer Cyclical,SL_HIT,618.94,2026-09-16,SL,-5.37,8.0,4.0,MEDIUM,
2026-09-08,ROSSTECH.NS,BO-L,LONG,1200.1,1122.39,1381.43,2.33,5,Industrials,TP_HIT,1381.43,2026-09-16,TP,15.11,8.0,4.0,MEDIUM,
2026-09-08,UNIMECH.NS,BO-L,LONG,1595.7,1504.17,1809.27,2.33,5,Industrials,SL_HIT,1504.17,2026-09-16,SL,-5.74,8.0,1.0,LOW,
2026-09-08,UNIVPHOTO.NS,BO-L,LONG,540.0,505.91,619.54,2.33,5,Healthcare,TP_HIT,619.54,2026-09-17,TP,14.73,9.0,2.0,LOW,
2026-09-08,PPLPHARMA.NS,BO-L,LONG,225.95,214.39,252.93,2.33,4,Healthcare,SL_HIT,214.39,2026-09-10,SL,-5.12,2.0,1.0,LOW,
2026-09-09,LAXMIINDIA.NS,PB-L,LONG,133.36,122.59,158.48,2.33,6,Financial Services,SL_HIT,122.59,2026-09-15,SL,-8.08,6.0,5.0,MEDIUM,
2026-09-09,NURECA.NS,PB-L,LONG,334.0,308.72,392.99,2.33,6,Healthcare,OPEN,,,,,,6.0,MEDIUM,
2026-09-09,ARTEMISMED.NS,BO-L,LONG,350.15,332.92,390.36,2.33,5,Other,SL_HIT,332.92,2026-09-15,SL,-4.92,6.0,1.0,LOW,
2026-09-09,CHENNPETRO.NS,BO-L,LONG,1586.0,1489.52,1811.11,2.33,5,Energy,SL_HIT,1489.52,2026-09-15,SL,-6.08,6.0,4.0,MEDIUM,
2026-09-09,CONFIPET.NS,BO-L,LONG,89.07,82.56,104.26,2.33,5,Energy,SL_HIT,82.56,2026-09-16,SL,-7.31,7.0,6.0,MEDIUM,
2026-09-09,EBGNG.NS,BO-L,LONG,678.5,625.95,801.12,2.33,5,Technology,SL_HIT,625.95,2026-09-16,SL,-7.75,7.0,6.0,MEDIUM,
2026-09-09,FINCABLES.NS,BO-L,LONG,1362.1,1276.34,1562.22,2.33,5,Industrials,OPEN,,,,,,4.0,MEDIUM,
2026-09-09,INDNIPPON.NS,BO-L,LONG,1213.3,1140.24,1383.78,2.33,5,Consumer Cyclical,TP_HIT,1383.78,2026-09-10,TP,14.05,1.0,5.0,MEDIUM,
2026-09-09,MRPL.NS,BO-L,LONG,183.65,173.48,207.38,2.33,5,Oil & Gas,SL_HIT,173.48,2026-09-15,SL,-5.54,6.0,4.0,MEDIUM,
2026-09-09,PAYTM.NS,BO-L,LONG,1745.0,1659.48,1944.54,2.33,5,Diversified,SL_HIT,1659.48,2026-09-25,SL,-4.9,16.0,5.0,MEDIUM,
2026-09-09,PCBL.NS,BO-L,LONG,336.85,321.2,373.37,2.33,5,Chemicals,SL_HIT,321.2,2026-09-15,SL,-4.65,6.0,3.0,LOW,
2026-09-09,RACLGEAR.NS,BO-L,LONG,1619.7,1508.89,1878.26,2.33,5,Consumer Cyclical,TP_HIT,1878.26,2026-09-17,TP,15.96,8.0,5.0,MEDIUM,
2026-09-09,RAIN.NS,BO-L,LONG,224.6,210.51,257.47,2.33,5,Metals & Mining,SL_HIT,210.51,2026-09-11,SL,-6.27,2.0,5.0,MEDIUM,
2026-09-09,SANSERA.NS,BO-L,LONG,4097.9,3867.31,4635.94,2.33,5,Consumer Cyclical,SL_HIT,3867.31,2026-09-15,SL,-5.63,6.0,5.0,MEDIUM,
2026-09-09,SHAILY.NS,BO-L,LONG,3440.1,3268.74,3839.94,2.33,5,Basic Materials,SL_HIT,3268.74,2026-09-11,SL,-4.98,2.0,7.0,HIGH,
2026-09-09,SHAREINDIA.NS,BO-L,LONG,191.0,180.81,214.78,2.33,5,Financial Services,TP_HIT,214.78,2026-09-17,TP,12.45,8.0,2.0,LOW,
2026-09-09,SPECTRUM.NS,BO-L,LONG,2741.6,2528.59,3238.63,2.33,5,Industrials,TP_HIT,3238.63,2026-09-22,TP,18.13,13.0,5.0,MEDIUM,
2026-09-09,SUPERHOUSE.NS,BO-L,LONG,182.0,169.16,211.96,2.33,5,Consumer Cyclical,SL_HIT,169.16,2026-09-10,SL,-7.05,1.0,4.0,MEDIUM,
2026-09-09,NAVINFLUOR.NS,BO-L,LONG,8823.5,8488.4,9605.4,2.33,4,Chemicals,SL_HIT,8488.4,2026-09-11,SL,-3.8,2.0,6.0,MEDIUM,
2026-09-10,AETHER.NS,PB-L,LONG,1650.0,1567.6,1842.27,2.33,7,Basic Materials,SL_HIT,1567.6,2026-09-16,SL,-4.99,6.0,5.0,MEDIUM,
2026-09-10,PGIL.NS,PB-L,LONG,1193.7,1118.295,1369.65,2.33,7,Consumer Cyclical,SL_HIT,1118.3,2026-09-17,SL,-6.32,7.0,4.0,MEDIUM,2.0
2026-09-10,PLASTIBLEN.NS,PB-L,LONG,194.19,183.55,219.01,2.33,6,Basic Materials,SL_HIT,183.55,2026-09-16,SL,-5.48,6.0,2.0,LOW,
2026-09-10,EMIL.NS,BO-L,LONG,195.14,181.75,226.39,2.33,5,Consumer Cyclical,SL_HIT,181.75,2026-09-16,SL,-6.86,6.0,3.0,LOW,
2026-09-10,KROSS.NS,BO-L,LONG,233.17,220.04,263.8,2.33,5,Consumer Cyclical,TP_HIT,263.8,2026-09-23,TP,13.14,13.0,3.0,LOW,
2026-09-10,LOTUSDEV.NS,BO-L,LONG,207.88,194.91,238.14,2.33,5,Industrials,TP_HIT,238.14,2026-10-05,TP,14.56,25.0,3.0,LOW,
2026-09-10,NEOGEN.NS,BO-L,LONG,2387.8,2239.08,2734.8,2.33,5,Chemicals,SL_HIT,2239.08,2026-09-16,SL,-6.23,6.0,3.0,LOW,
2026-09-10,NRBBEARING.NS,BO-L,LONG,513.7,484.78,581.18,2.33,5,Consumer Cyclical,SL_HIT,484.78,2026-09-15,SL,-5.63,5.0,6.0,MEDIUM,
2026-09-10,PARAGMILK.NS,BO-L,LONG,268.75,251.97,307.91,2.33,5,Consumer Defensive,SL_HIT,251.97,2026-09-15,SL,-6.24,5.0,5.0,MEDIUM,
2026-09-10,REDINGTON.NS,BO-L,LONG,395.5,373.54,446.73,2.33,5,Electronics & EMS,SL_HIT,373.54,2026-09-16,SL,-5.55,6.0,3.0,LOW,
2026-09-10,SANATHAN.NS,BO-L,LONG,486.05,455.27,557.87,2.33,5,Consumer Cyclical,SL_HIT,455.27,2026-09-15,SL,-6.33,5.0,5.0,MEDIUM,
2026-09-10,WENDT.NS,BO-L,LONG,8745.5,8314.96,9750.09,2.33,5,Industrials,SL_HIT,8314.96,2026-09-30,SL,-4.92,20.0,3.0,LOW,
2026-09-10,WSTCSTPAPR.NS,BO-L,LONG,707.25,665.29,805.16,2.33,5,Basic Materials,OPEN,,,,,,3.0,LOW,
2026-09-10,KINGFA.NS,BO-L,LONG,6234.0,5933.28,6935.69,2.33,4,Chemicals,SL_HIT,5933.28,2026-09-15,SL,-4.82,5.0,3.0,LOW,
2026-09-11,UGARSUGAR.NS,PB-L,LONG,54.4,48.14,69.01,2.33,7,Consumer Defensive,OPEN,,,,,,5.0,MEDIUM,
2026-09-11,IIFLCAPS.NS,PB-L,LONG,339.45,333.51,353.32,2.34,6,Financial Services,TP_HIT,353.32,2026-09-23,TP,4.09,12.0,1.0,LOW,
2026-09-11,UEL.NS,PB-L,LONG,206.64,187.51,251.29,2.33,6,Technology,SL_HIT,187.51,2026-09-23,SL,-9.26,12.0,3.0,LOW,
2026-09-11,BIRLACABLE.NS,BO-L,LONG,391.2,362.89,457.25,2.33,5,Technology,SL_HIT,362.89,2026-09-16,SL,-7.24,5.0,4.0,MEDIUM,
2026-09-11,DIACABS.NS,BO-L,LONG,369.05,342.1,431.93,2.33,5,Industrials,SL_HIT,342.1,2026-09-28,SL,-7.3,17.0,5.0,MEDIUM,
2026-09-11,SIKKO.NS,BO-L,LONG,5.83,5.39,6.86,2.34,5,Basic Materials,SL_HIT,5.39,2026-09-16,SL,-7.55,5.0,3.0,LOW,
2026-09-11,SUBEXLTD.NS,BO-L,LONG,20.47,18.6,24.84,2.34,5,IT - Mid & Small,SL_HIT,18.6,2026-10-01,SL,-9.14,20.0,4.0,MEDIUM,
2026-09-11,VSSL.NS,BO-L,LONG,400.7,375.46,459.59,2.33,5,Basic Materials,SL_HIT,375.46,2026-10-01,SL,-6.3,20.0,2.0,LOW,
2026-09-11,WABAG.NS,BO-L,LONG,2293.0,2162.83,2596.73,2.33,5,Industrials,SL_HIT,2162.83,2026-09-15,SL,-5.68,4.0,5.0,MEDIUM,
2026-09-11,AKSHOPTFBR.NS,BO-L,LONG,8.6,7.93,10.15,2.31,4,Technology,SL_HIT,7.93,2026-09-17,SL,-7.79,6.0,3.0,LOW,
2026-09-14,APARINDS.NS,PB-L,LONG,17500.0,16463.63,19918.2,2.33,7,Industrials,SL_HIT,16463.63,2026-09-16,SL,-5.92,2.0,4.0,MEDIUM,
2026-09-14,LUMAXTECH.NS,PB-L,LONG,1993.7,1879.78,2259.5,2.33,7,Auto Ancillaries,SL_HIT,1879.78,2026-10-06,SL,-5.71,22.0,6.0,MEDIUM,
2026-09-14,MAHABANK.NS,PB-L,LONG,84.2,80.88,91.95,2.33,7,Banking - PSU,SL_HIT,80.88,2026-09-15,SL,-3.94,1.0,5.0,MEDIUM,
2026-09-14,AEGISLOG.NS,PB-L,LONG,1353.6,1255.53,1582.43,2.33,6,Energy,OPEN,,,,,,7.0,HIGH,
2026-09-14,BLUESTONE.NS,BO-L,LONG,890.35,829.72,1031.83,2.33,5,Consumer Cyclical,SL_HIT,829.72,2026-09-15,SL,-6.81,1.0,5.0,MEDIUM,
2026-09-14,DYNAMATECH.NS,BO-L,LONG,12097.0,11413.02,13692.94,2.33,5,Consumer Cyclical,TP_HIT,13692.94,2026-10-01,TP,13.19,17.0,3.0,LOW,
2026-09-14,FILATEX.NS,BO-L,LONG,87.41,80.67,103.14,2.33,5,Consumer Cyclical,SL_HIT,80.67,2026-09-15,SL,-7.71,1.0,4.0,MEDIUM,
2026-09-14,GRANULES.NS,BO-L,LONG,909.3,869.32,1002.58,2.33,5,Pharma,SL_HIT,869.32,2026-09-16,SL,-4.4,2.0,3.0,LOW,
2026-09-14,SIGMAADV.NS,BO-L,LONG,832.45,774.56,967.52,2.33,5,Industrials,SL_HIT,774.56,2026-09-16,SL,-6.95,2.0,4.0,MEDIUM,
2026-09-14,TDPOWERSYS.NS,BO-L,LONG,804.9,750.17,932.61,2.33,5,Capital Goods,SL_HIT,750.17,2026-09-15,SL,-6.8,1.0,3.0,LOW,
2026-09-15,NIRAJISPAT.NS,PB-L,LONG,300.0,272.17,364.93,2.33,6,Consumer Cyclical,SL_HIT,272.17,2026-09-22,SL,-9.28,7.0,1.0,LOW,
2026-09-15,ARROWGREEN.NS,BO-L,LONG,870.5,816.32,996.92,2.33,5,Consumer Cyclical,OPEN,,,,,,2.0,LOW,
2026-09-15,JINDALPOLY.NS,BO-L,LONG,730.1,688.36,827.5,2.33,5,Consumer Cyclical,SL_HIT,688.36,2026-09-28,SL,-5.72,13.0,4.0,MEDIUM,
2026-09-15,SMARTLINK.NS,BO-L,LONG,237.05,220.23,276.3,2.33,5,Technology,SL_HIT,220.23,2026-09-17,SL,-7.1,2.0,7.0,HIGH,
2026-09-15,SOFTTECH.NS,BO-L,LONG,474.95,451.77,529.03,2.33,5,Technology,SL_HIT,451.77,2026-09-16,SL,-4.88,1.0,7.0,HIGH,
2026-09-15,AEGISVOPAK.NS,BO-L,LONG,300.8,282.1,344.42,2.33,4,Energy,SL_HIT,282.1,2026-09-28,SL,-6.22,13.0,5.0,MEDIUM,
2026-09-16,GLENMARK.NS,PB-L,LONG,2415.9,2326.01,2625.64,2.33,7,Pharma,SL_HIT,2326.01,2026-09-28,SL,-3.72,12.0,7.0,HIGH,
2026-09-16,IOLCP.NS,PB-L,LONG,193.6,176.21,234.18,2.33,7,Healthcare,OPEN,,,,,,5.0,MEDIUM,
2026-09-16,MOTISONS.NS,PB-L,LONG,16.47,15.06,19.75,2.33,7,Consumer Cyclical,TP_HIT,19.75,2026-09-24,TP,19.91,8.0,4.0,MEDIUM,
2026-09-16,SBCL.NS,PB-L,LONG,1060.5,968.04,1276.24,2.33,7,Industrials,OPEN,,,,,,3.0,LOW,
2026-09-16,FOSECOIND.NS,BO-L,LONG,6805.5,6380.61,7796.9,2.33,5,Basic Materials,SL_HIT,6380.61,2026-09-28,SL,-6.24,12.0,6.0,MEDIUM,
2026-09-16,PFOCUS.NS,BO-L,LONG,325.4,304.72,373.66,2.33,5,Communication Services,SL_HIT,304.72,2026-10-01,SL,-6.36,15.0,4.0,MEDIUM,
2026-09-17,ONWARDTEC.NS,PB-L,LONG,289.85,273.86,327.17,2.33,7,Technology,OPEN,,,,,,5.0,MEDIUM,
2026-09-17,MATRIMONY.NS,BO-L,LONG,535.2,504.72,606.31,2.33,6,Communication Services,SL_HIT,504.72,2026-10-01,SL,-5.7,14.0,3.0,LOW,
2026-09-17,ACE.NS,BO-L,LONG,1190.0,1129.13,1332.04,2.33,5,Industrials,OPEN,,,,,,4.0,MEDIUM,
2026-09-17,CHEMBONDCH.NS,BO-L,LONG,280.0,258.03,331.26,2.33,5,Basic Materials,SL_HIT,258.03,2026-09-22,SL,-7.85,5.0,4.0,MEDIUM,
2026-09-17,GOCLCORP.NS,BO-L,LONG,453.95,431.15,507.15,2.33,5,Basic Materials,SL_HIT,431.15,2026-09-22,SL,-5.02,5.0,3.0,LOW,
2026-09-17,YATHARTH.NS,BO-L,LONG,1078.5,1020.85,1213.02,2.33,5,Healthcare,SL_HIT,1020.85,2026-09-30,SL,-5.35,13.0,6.0,MEDIUM,
2026-09-17,3IINFOLTD.NS,BO-L,LONG,25.4,23.86,29.0,2.34,4,Technology,SL_HIT,23.86,2026-09-28,SL,-6.06,11.0,2.0,LOW,
2026-09-18,TDPOWERSYS.NS,PB-L,LONG,763.55,705.07,900.01,2.33,7,Capital Goods,OPEN,,,,,,3.0,LOW,
2026-09-18,EMAMIPAP.NS,PB-L,LONG,115.07,106.43,135.22,2.33,6,Basic Materials,OPEN,,,,,,5.0,MEDIUM,
2026-09-18,IDFCFIRSTB.NS,PB-L,LONG,86.76,84.57,91.87,2.33,6,Banking - Private,SL_HIT,84.57,2026-09-24,SL,-2.52,6.0,2.0,LOW,
2026-09-18,MEDANTA.NS,PB-L,LONG,1490.5,1414.35,1668.18,2.33,6,Healthcare,SL_HIT,1414.35,2026-09-29,SL,-5.11,11.0,4.0,MEDIUM,
2026-09-18,AVALON.NS,BO-L,LONG,2439.1,2235.81,2913.45,2.33,5,Technology,SL_HIT,2235.81,2026-09-30,SL,-8.33,12.0,4.0,MEDIUM,
2026-09-18,EMIL.NS,BO-L,LONG,196.97,183.28,228.92,2.33,5,Consumer Cyclical,OPEN,,,,,,3.0,LOW,
2026-09-18,MACPOWER.NS,BO-L,LONG,2103.5,1927.67,2513.78,2.33,5,Industrials,SL_HIT,1927.67,2026-09-21,SL,-8.36,3.0,6.0,MEDIUM,
2026-09-18,NRBBEARING.NS,BO-L,LONG,521.9,486.86,603.65,2.33,5,Consumer Cyclical,OPEN,,,,,,6.0,MEDIUM,
2026-09-18,SAMBHV.NS,BO-L,LONG,145.21,135.73,167.32,2.33,5,Basic Materials,TP_HIT,167.32,2026-10-05,TP,15.23,17.0,7.0,HIGH,
2026-09-18,SANSERA.NS,BO-L,LONG,4227.2,3980.38,4803.11,2.33,5,Consumer Cyclical,OPEN,,,,,,5.0,MEDIUM,
2026-09-18,SPLPETRO.NS,BO-L,LONG,855.7,810.31,961.61,2.33,5,Basic Materials,SL_HIT,810.31,2026-09-30,SL,-5.3,12.0,2.0,LOW,
2026-09-18,SYRMA.NS,BO-L,LONG,1735.7,1627.75,1987.58,2.33,5,Electronics & EMS,OPEN,,,,,,5.0,MEDIUM,
2026-09-18,TALBROAUTO.NS,BO-L,LONG,473.45,446.99,535.19,2.33,5,Consumer Cyclical,SL_HIT,446.99,2026-09-28,SL,-5.59,10.0,3.0,LOW,
2026-09-18,TIL.NS,BO-L,LONG,259.89,242.6,300.24,2.33,5,Industrials,SL_HIT,242.6,2026-10-01,SL,-6.65,13.0,0.0,LOW,
2026-09-21,AVTNPL.NS,PB-L,LONG,86.71,81.0,100.04,2.33,7,Basic Materials,TP_HIT,100.04,2026-09-23,TP,15.37,2.0,4.0,MEDIUM,
2026-09-21,ACMESOLAR.NS,BO-L,LONG,458.05,432.2,518.36,2.33,5,Utilities,SL_HIT,432.2,2026-09-25,SL,-5.64,4.0,6.0,MEDIUM,
2026-09-21,AGI.NS,BO-L,LONG,807.05,758.44,920.46,2.33,5,Consumer Cyclical,OPEN,,,,,,5.0,MEDIUM,
2026-09-21,AKUMS.NS,BO-L,LONG,824.95,784.07,920.33,2.33,5,Healthcare,SL_HIT,784.07,2026-10-08,SL,-4.96,17,3.0,LOW,
2026-09-21,CENTUM.NS,BO-L,LONG,4743.6,4432.6,5469.26,2.33,5,Technology,SL_HIT,4432.6,2026-10-06,SL,-6.56,15.0,5.0,MEDIUM,
2026-09-21,FILATEX.NS,BO-L,LONG,101.55,93.34,120.7,2.33,5,Consumer Cyclical,OPEN,,,,,,4.0,MEDIUM,
2026-09-21,GCSL.NS,BO-L,LONG,636.4,601.53,717.77,2.33,5,Financial Services,OPEN,,,,,,5.0,MEDIUM,
2026-09-21,IL&FSENGG.NS,BO-L,LONG,42.58,39.9,48.83,2.33,5,Industrials,SL_HIT,39.9,2026-09-28,SL,-6.29,7.0,4.0,MEDIUM,
2026-09-21,IVP.NS,BO-L,LONG,222.4,210.11,251.07,2.33,5,Basic Materials,OPEN,,,,,,6.0,MEDIUM,
2026-09-21,JYOTICNC.NS,BO-L,LONG,1113.15,1046.44,1268.8,2.33,5,Industrials,SL_HIT,1046.44,2026-09-28,SL,-5.99,7.0,3.0,LOW,
2026-09-21,KILITCH.NS,BO-L,LONG,201.02,189.51,227.87,2.33,5,Healthcare,TP_HIT,227.87,2026-09-24,TP,13.36,3.0,2.0,LOW,
2026-09-21,ORCHPHARMA.NS,BO-L,LONG,1081.2,1007.29,1253.66,2.33,5,Healthcare,SL_HIT,1007.29,2026-09-29,SL,-6.84,8.0,2.0,LOW,
2026-09-21,RATNAVEER.NS,BO-L,LONG,333.35,302.96,404.25,2.33,5,Basic Materials,OPEN,,,,,,2.0,LOW,
2026-09-21,SIGMAADV.NS,BO-L,LONG,909.4,843.06,1064.2,2.33,5,Industrials,TP_HIT,1064.2,2026-10-01,TP,17.02,10.0,4.0,MEDIUM,
2026-09-21,SOMANYCERA.NS,BO-L,LONG,588.65,559.27,657.2,2.33,5,Industrials,OPEN,,,,,,4.0,MEDIUM,
2026-09-21,SUPRIYA.NS,BO-L,LONG,955.9,904.01,1076.97,2.33,5,Healthcare,SL_HIT,904.01,2026-10-05,SL,-5.43,14.0,2.0,LOW,
2026-09-21,SURAKSHA.NS,BO-L,LONG,351.15,329.64,401.35,2.33,5,Healthcare,SL_HIT,329.64,2026-10-06,SL,-6.13,15.0,5.0,MEDIUM,
2026-09-21,TI.NS,BO-L,LONG,580.95,549.63,654.04,2.33,5,Consumer Defensive,SL_HIT,549.63,2026-09-30,SL,-5.39,9.0,1.0,LOW,
2026-09-21,UNIMECH.NS,BO-L,LONG,1697.5,1588.38,1952.11,2.33,5,Industrials,OPEN,,,,,,1.0,LOW,
2026-09-21,STEL.NS,BO-L,LONG,660.35,623.67,745.95,2.33,4,Financial Services,SL_HIT,623.67,2026-09-23,SL,-5.55,2.0,5.0,MEDIUM,
2026-09-22,ARCHIDPLY.NS,BO-L,LONG,108.96,101.83,125.6,2.33,5,Basic Materials,SL_HIT,101.83,2026-09-29,SL,-6.54,7.0,7.0,HIGH,
2026-09-22,ARVEE.NS,BO-L,LONG,244.49,220.98,299.35,2.33,5,Basic Materials,SL_HIT,220.98,2026-09-24,SL,-9.62,2.0,3.0,LOW,
2026-09-22,BLSE.NS,BO-L,LONG,333.25,317.08,370.98,2.33,5,Industrials,SL_HIT,317.08,2026-09-29,SL,-4.85,7.0,5.0,MEDIUM,
2026-09-22,BLUESTONE.NS,BO-L,LONG,905.5,841.0,1055.99,2.33,5,Consumer Cyclical,SL_HIT,841.0,2026-09-23,SL,-7.12,1.0,5.0,MEDIUM,
2026-09-22,DICIND.NS,BO-L,LONG,651.5,608.1,752.77,2.33,5,Basic Materials,SL_HIT,608.1,2026-10-01,SL,-6.66,9.0,4.0,MEDIUM,
2026-09-22,INDSWFTLAB.NS,BO-L,LONG,405.25,372.56,481.52,2.33,5,Healthcare,SL_HIT,372.56,2026-10-08,SL,-8.07,16,3.0,LOW,
2026-09-22,ONEPOINT.NS,BO-L,LONG,63.54,59.63,72.67,2.34,5,Industrials,TP_HIT,72.67,2026-09-29,TP,14.37,7.0,4.0,MEDIUM,
2026-09-22,OPTIEMUS.NS,BO-L,LONG,708.9,660.21,822.51,2.33,5,Technology,TP_HIT,822.51,2026-09-23,TP,16.03,1.0,2.0,LOW,
2026-09-22,RBLBANK.NS,BO-L,LONG,421.2,406.14,456.35,2.33,5,Banking - Private,SL_HIT,406.14,2026-09-28,SL,-3.58,6.0,2.0,LOW,
2026-09-22,SMSPHARMA.NS,BO-L,LONG,486.0,450.88,567.95,2.33,5,Pharma,SL_HIT,450.88,2026-10-08,SL,-7.23,16,3.0,LOW,
2026-09-23,PANACHE.NS,PB-L,LONG,518.95,495.81,572.95,2.33,7,Technology,TP_HIT,572.95,2026-10-07,TP,10.41,14.0,4.0,MEDIUM,
2026-09-23,LOKESHMACH.NS,PB-L,LONG,356.1,327.39,423.09,2.33,6,Industrials,SL_HIT,327.39,2026-09-28,SL,-8.06,5.0,2.0,LOW,
2026-09-23,RADICO.NS,PB-L,LONG,4592.7,4433.01,4965.31,2.33,6,Consumer & FMCG,SL_HIT,4433.01,2026-09-29,SL,-3.48,6.0,7.0,HIGH,
2026-09-23,AARTIPHARM.NS,BO-L,LONG,937.9,876.35,1081.51,2.33,5,Healthcare,SL_HIT,876.35,2026-10-08,SL,-6.56,15,3.0,LOW,
2026-09-23,ARIS.NS,BO-L,LONG,144.27,133.93,168.39,2.33,5,Industrials,SL_HIT,133.93,2026-09-28,SL,-7.17,5.0,7.0,HIGH,
2026-09-23,E2E.NS,BO-L,LONG,635.0,588.69,743.05,2.33,5,Technology,TP_HIT,743.05,2026-10-08,TP,17.02,15,3.0,LOW,
2026-09-23,GNFC.NS,BO-L,LONG,624.7,594.83,694.41,2.33,5,Chemicals,SL_HIT,594.83,2026-10-01,SL,-4.78,8.0,4.0,MEDIUM,
2026-09-23,ICIL.NS,BO-L,LONG,472.8,437.71,554.68,2.33,5,Consumer Cyclical,SL_HIT,437.71,2026-09-28,SL,-7.42,5.0,4.0,MEDIUM,
2026-09-23,JINDALSTEL.NS,BO-L,LONG,1176.7,1133.14,1278.35,2.33,5,Metals & Mining,SL_HIT,1133.14,2026-09-29,SL,-3.7,6.0,3.0,LOW,
2026-09-23,KDDL.NS,BO-L,LONG,4214.9,4005.76,4702.89,2.33,5,Consumer Cyclical,SL_HIT,4005.76,2026-09-28,SL,-4.96,5.0,5.0,MEDIUM,
2026-09-23,KTKBANK.NS,BO-L,LONG,342.35,327.21,377.69,2.33,5,Financial Services,SL_HIT,327.21,2026-09-28,SL,-4.42,5.0,1.0,LOW,
2026-09-23,PCJEWELLER.NS,BO-L,LONG,14.63,13.47,17.34,2.34,5,Consumer Cyclical,SL_HIT,13.47,2026-09-28,SL,-7.93,5.0,5.0,MEDIUM,
2026-09-23,PGIL.NS,BO-L,LONG,1291.5,1204.39,1494.75,2.33,5,Consumer Cyclical,OPEN,,,,,,4.0,MEDIUM,
2026-09-23,POLICYBZR.NS,BO-L,LONG,1887.0,1793.97,2104.06,2.33,5,Capital Markets,SL_HIT,1793.97,2026-09-24,SL,-4.93,1.0,5.0,MEDIUM,
2026-09-23,ROLEXRINGS.NS,BO-L,LONG,182.72,172.64,206.24,2.33,5,Industrials,SL_HIT,172.64,2026-10-08,SL,-5.52,15,3.0,LOW,
2026-09-23,SGIL.NS,BO-L,LONG,675.15,634.22,770.65,2.33,5,Industrials,SL_HIT,634.22,2026-09-24,SL,-6.06,1.0,1.0,LOW,
2026-09-23,SONACOMS.NS,BO-L,LONG,830.45,797.89,906.43,2.33,5,Auto Ancillaries,SL_HIT,797.89,2026-09-29,SL,-3.92,6.0,4.0,MEDIUM,
2026-09-23,TEXINFRA.NS,BO-L,LONG,123.5,116.8,139.13,2.33,5,Real Estate,SL_HIT,116.8,2026-09-28,SL,-5.43,5.0,4.0,MEDIUM,
2026-09-23,WOCKPHARMA.NS,BO-L,LONG,2341.0,2207.32,2652.92,2.33,5,Healthcare,SL_HIT,2207.32,2026-09-28,SL,-5.71,5.0,5.0,MEDIUM,
2026-09-23,EBGNG.NS,BO-L,LONG,713.6,660.91,836.55,2.33,4,Technology,SL_HIT,660.91,2026-09-25,SL,-7.38,2.0,6.0,MEDIUM,
2026-09-24,MOTHERSON.NS,PB-L,LONG,164.2,158.7,177.03,2.33,6,Auto Ancillaries,SL_HIT,158.7,2026-09-29,SL,-3.35,5.0,4.0,MEDIUM,
2026-09-24,PREMEXPLN.NS,BASE-BO,LONG,682.95,668.41,716.87,2.33,5,Basic Materials,OPEN,,,,,,4.0,MEDIUM,
2026-09-24,ABDL.NS,BO-L,LONG,698.7,664.36,778.83,2.33,5,Consumer Defensive,OPEN,,,,,,4.0,MEDIUM,
2026-09-24,KABRAEXTRU.NS,BO-L,LONG,806.1,741.82,956.08,2.33,5,Industrials,OPEN,,,,,,2.0,LOW,
2026-09-24,KRONOX.NS,BO-L,LONG,196.75,180.83,233.89,2.33,5,Basic Materials,OPEN,,,,,,2.0,LOW,
2026-09-24,MCX.NS,BO-L,LONG,3421.9,3264.45,3789.28,2.33,5,Capital Markets,SL_HIT,3264.45,2026-09-28,SL,-4.6,4.0,6.0,MEDIUM,
2026-09-24,SALSTEEL.NS,BO-L,LONG,89.27,82.28,105.57,2.33,5,Basic Materials,OPEN,,,,,,2.0,LOW,
2026-09-24,SIKKO.NS,BO-L,LONG,6.42,5.9,7.64,2.35,5,Basic Materials,SL_HIT,5.9,2026-10-08,SL,-8.1,14,3.0,LOW,
2026-09-24,SOUTHBANK.NS,BO-L,LONG,49.5,47.53,54.1,2.34,5,Banking - Private,SL_HIT,47.53,2026-10-01,SL,-3.98,7.0,3.0,LOW,
2026-09-24,UNIDT.NS,BO-L,LONG,263.72,239.92,319.26,2.33,5,Energy,SL_HIT,239.92,2026-09-25,SL,-9.02,1.0,5.0,MEDIUM,
2026-09-24,CAPLIPOINT.NS,BO-L,LONG,2879.0,2721.48,3246.54,2.33,4,Healthcare,SL_HIT,2721.48,2026-09-30,SL,-5.47,6.0,4.0,MEDIUM,
2026-09-24,DIVISLAB.NS,BO-L,LONG,9625.0,9336.25,10298.75,2.33,4,Pharma - Large Cap,SL_HIT,9336.25,2026-09-30,SL,-3.0,6.0,4.0,MEDIUM,
2026-09-24,SANATHAN.NS,BO-L,LONG,523.05,489.36,601.67,2.33,4,Consumer Cyclical,SL_HIT,489.36,2026-10-01,SL,-6.44,7.0,5.0,MEDIUM,
2026-09-24,BLUSPRING.NS,BO-L,LONG,140.56,128.12,169.6,2.33,5,Industrials,OPEN,,,,,,3.0,LOW,
2026-09-25,GEOJITFSL.NS,PB-L,LONG,81.7,77.18,92.24,2.33,6,Financial Services,SL_HIT,77.18,2026-09-29,SL,-5.53,4.0,2.0,LOW,
2026-09-25,MSTCLTD.NS,PB-L,LONG,748.0,700.02,859.95,2.33,6,Metals & Mining,SL_HIT,700.02,2026-10-01,SL,-6.41,6.0,2.0,LOW,
2026-09-25,PARAGMILK.NS,PB-L,LONG,269.75,249.23,317.64,2.33,6,Consumer Defensive,OPEN,,,,,,5.0,MEDIUM,
2026-09-25,SVLL.NS,PB-L,LONG,825.0,778.14,934.34,2.33,6,Industrials,SL_HIT,778.14,2026-10-01,SL,-5.68,6.0,6.0,MEDIUM,
2026-09-25,AETHER.NS,BO-L,LONG,1758.0,1673.35,1955.51,2.33,5,Basic Materials,SL_HIT,1673.35,2026-10-01,SL,-4.82,6.0,5.0,MEDIUM,
2026-09-25,AJAXENGG.NS,BO-L,LONG,612.8,582.97,682.4,2.33,5,Industrials,SL_HIT,582.97,2026-09-29,SL,-4.87,4.0,2.0,LOW,
2026-09-25,ALMONDZ.NS,BO-L,LONG,21.06,19.26,25.27,2.34,5,Financial Services,SL_HIT,19.26,2026-10-01,SL,-8.55,6.0,5.0,MEDIUM,
2026-09-25,ANTELOPUS.NS,BO-L,LONG,1244.2,1121.95,1529.44,2.33,5,Energy,SL_HIT,1121.95,2026-09-28,SL,-9.83,3.0,6.0,MEDIUM,
2026-09-25,ASAHISONG.NS,BO-L,LONG,402.0,375.25,464.41,2.33,5,Basic Materials,SL_HIT,375.25,2026-10-01,SL,-6.65,6.0,3.0,LOW,
2026-09-25,CASTROLIND.NS,BO-L,LONG,201.63,196.64,213.27,2.33,5,Energy,SL_HIT,196.64,2026-10-01,SL,-2.47,6.0,8.0,HIGH,
2026-09-25,DHAMPURSUG.NS,BO-L,LONG,175.8,163.16,205.29,2.33,5,Consumer Defensive,OPEN,,,,,,5.0,MEDIUM,
2026-09-25,ENGINERSIN.NS,BO-L,LONG,317.7,299.71,359.68,2.33,5,Infrastructure,SL_HIT,299.71,2026-10-08,SL,-5.66,13,5.0,MEDIUM,
2026-09-25,ESAFSFB.NS,BO-L,LONG,42.86,40.02,49.48,2.33,5,Banking - Private,OPEN,,,,,,1.0,LOW,
2026-09-25,LLOYDSENGG.NS,BO-L,LONG,98.74,92.95,112.24,2.33,5,Industrials,OPEN,,,,,,2.0,LOW,
2026-09-25,MAWANASUG.NS,BO-L,LONG,147.69,136.0,174.97,2.33,5,Consumer Defensive,SL_HIT,136.0,2026-10-01,SL,-7.92,6.0,2.0,LOW,
2026-09-25,PLASTIBLEN.NS,BO-L,LONG,206.07,194.47,233.13,2.33,5,Basic Materials,SL_HIT,194.47,2026-10-01,SL,-5.63,6.0,2.0,LOW,
2026-09-25,PONNIERODE.NS,BO-L,LONG,398.95,370.9,464.4,2.33,5,Consumer Defensive,SL_HIT,370.9,2026-09-30,SL,-7.03,5.0,3.0,LOW,
2026-09-25,SHANTIGOLD.NS,BO-L,LONG,319.4,295.45,375.29,2.33,5,Consumer Cyclical,SL_HIT,295.45,2026-10-01,SL,-7.5,6.0,6.0,MEDIUM,
2026-09-25,SHRIPISTON.NS,BO-L,LONG,4707.4,4488.02,5219.3,2.33,5,Consumer Cyclical,SL_HIT,4488.02,2026-10-01,SL,-4.66,6.0,4.0,MEDIUM,
2026-09-25,STEELCAS.NS,BO-L,LONG,376.3,350.16,437.29,2.33,5,Basic Materials,SL_HIT,350.16,2026-10-01,SL,-6.95,6.0,4.0,MEDIUM,
2026-09-28,AARTECH.NS,PB-L,LONG,51.22,48.03,58.67,2.34,7,Industrials,SL_HIT,48.03,2026-10-01,SL,-6.23,3.0,4.0,MEDIUM,
2026-09-28,TFCILTD.NS,PB-L,LONG,139.68,132.65,156.09,2.33,7,Financial Services,OPEN,,,,,,4.0,MEDIUM,
2026-09-28,ASKAUTOLTD.NS,PB-L,LONG,650.35,614.3,734.46,2.33,6,Consumer Cyclical,SL_HIT,614.3,2026-09-29,SL,-5.54,1.0,4.0,MEDIUM,
2026-09-28,THELEELA.NS,PB-L,LONG,547.9,520.48,611.88,2.33,6,Consumer Cyclical,OPEN,,,,,,6.0,MEDIUM,
2026-09-28,BLISSGVS.NS,BO-L,LONG,737.65,687.32,855.1,2.33,5,Healthcare,SL_HIT,687.32,2026-10-01,SL,-6.82,3.0,6.0,MEDIUM,
2026-09-28,DIVGIITTS.NS,BO-L,LONG,1218.6,1122.56,1442.7,2.33,5,Auto Ancillaries,SL_HIT,1122.56,2026-10-01,SL,-7.88,3.0,5.0,MEDIUM,
2026-09-28,EMKAY.NS,BO-L,LONG,288.7,269.06,334.52,2.33,5,Financial Services,SL_HIT,269.06,2026-10-08,SL,-6.8,10,1.0,LOW,
2026-09-28,GANESHBE.NS,BO-L,LONG,137.32,127.33,160.63,2.33,5,Basic Materials,SL_HIT,127.33,2026-10-01,SL,-7.27,3.0,4.0,MEDIUM,
2026-09-28,GESHIP.NS,BO-L,LONG,1533.4,1474.69,1670.4,2.33,5,Industrials,OPEN,,,,,,4.0,MEDIUM,
2026-09-28,HITECHCORP.NS,BO-L,LONG,341.45,328.8,370.97,2.33,5,Consumer Cyclical,OPEN,,,,,,5.0,MEDIUM,
2026-09-28,MACPOWER.NS,BO-L,LONG,2194.6,1990.87,2669.98,2.33,5,Industrials,SL_HIT,1990.87,2026-10-08,SL,-9.28,10,6.0,MEDIUM,
2026-09-28,QPOWER.NS,BO-L,LONG,1592.7,1486.77,1839.88,2.33,5,Industrials,OPEN,,,,,,5.0,MEDIUM,
2026-09-28,SMCGLOBAL.NS,BO-L,LONG,97.23,90.75,112.34,2.33,5,Financial Services,SL_HIT,90.75,2026-09-29,SL,-6.66,1.0,1.0,LOW,
2026-09-29,DVL.NS,PB-L,LONG,287.65,270.37,327.96,2.33,7,Financial Services,SL_HIT,270.37,2026-10-08,SL,-6.01,9,1.0,LOW,
2026-09-29,EMCURE.NS,PB-L,LONG,1959.1,1875.76,2153.55,2.33,7,Healthcare,SL_HIT,1875.76,2026-10-08,SL,-4.25,9,5.0,MEDIUM,
2026-09-29,MITCON.NS,PB-L,LONG,82.66,74.58,101.5,2.33,7,Industrials,OPEN,,,,,,6.0,MEDIUM,
2026-09-29,AEROFLEX.NS,PB-L,LONG,539.6,500.36,631.15,2.33,6,Electronics & EMS,OPEN,,,,,,3.0,LOW,
2026-09-29,APARINDS.NS,PB-L,LONG,17803.0,16642.96,20509.75,2.33,6,Industrials,OPEN,,,,,,4.0,MEDIUM,
2026-09-29,DBOL.NS,PB-L,LONG,124.49,116.01,144.28,2.33,6,Consumer Defensive,OPEN,,,,,,5.0,MEDIUM,
2026-09-29,GUFICBIO.NS,PB-L,LONG,436.5,410.92,496.18,2.33,6,Healthcare,SL_HIT,410.92,2026-10-01,SL,-5.86,2.0,1.0,LOW,
2026-09-29,AXISCADES.NS,BO-L,LONG,2067.4,1934.51,2377.48,2.33,5,Industrials,OPEN,,,,,,3.0,LOW,
2026-09-29,AZAD.NS,BO-L,LONG,2914.2,2735.19,3331.88,2.33,5,Industrials,OPEN,,,,,,5.0,MEDIUM,
2026-09-29,BOSCH-HCIL.NS,BO-L,LONG,1934.4,1822.29,2195.99,2.33,5,Consumer Cyclical,OPEN,,,,,,3.0,LOW,
2026-09-29,CUPID.NS,BO-L,LONG,288.0,266.72,337.65,2.33,5,Consumer Defensive,TP_HIT,337.65,2026-10-07,TP,17.24,8.0,4.0,MEDIUM,
2026-09-29,DPABHUSHAN.NS,BO-L,LONG,1665.8,1552.15,1930.98,2.33,5,Consumer Cyclical,TP_HIT,1930.98,2026-10-05,TP,15.92,6.0,5.0,MEDIUM,
2026-09-29,JGCHEM.NS,BO-L,LONG,658.65,607.99,776.87,2.33,5,Basic Materials,SL_HIT,607.99,2026-10-01,SL,-7.69,2.0,2.0,LOW,
2026-09-29,KINGFA.NS,BO-L,LONG,6524.5,6214.3,7248.3,2.33,5,Chemicals,OPEN,,,,,,3.0,LOW,
2026-09-29,KMEW.NS,BO-L,LONG,3064.8,2861.4,3539.39,2.33,5,Industrials,OPEN,,,,,,2.0,LOW,
2026-09-29,NAZARA.NS,BO-L,LONG,388.4,370.98,429.05,2.33,5,Consumer & FMCG,OPEN,,,,,,4.0,MEDIUM,
2026-09-29,SANGAMIND.NS,BO-L,LONG,645.55,610.77,726.69,2.33,5,Consumer Cyclical,SL_HIT,610.77,2026-10-08,SL,-5.39,9,5.0,MEDIUM,
2026-09-29,SSWL.NS,BO-L,LONG,400.65,372.85,465.51,2.33,5,Consumer Cyclical,OPEN,,,,,,3.0,LOW,
2026-09-29,WELCORP.NS,BO-L,LONG,2842.0,2638.89,3315.93,2.33,5,Infrastructure,SL_HIT,2638.89,2026-10-01,SL,-7.15,2.0,5.0,MEDIUM,
2026-09-30,ARCHIDPLY.NS,PB-L,LONG,103.5,96.08,120.81,2.33,7,Basic Materials,OPEN,,,,,,7.0,HIGH,
2026-09-30,THEJO.NS,PB-L,LONG,2175.4,2064.85,2433.34,2.33,7,Industrials,SL_HIT,2064.85,2026-10-08,SL,-5.08,8,2.0,LOW,
2026-09-30,ASKAUTOLTD.NS,PB-L,LONG,640.1,601.09,731.12,2.33,6,Consumer Cyclical,SL_HIT,601.09,2026-10-08,SL,-6.09,8,4.0,MEDIUM,
2026-09-30,ICIL.NS,PB-L,LONG,460.4,427.76,536.57,2.33,6,Consumer Cyclical,OPEN,,,,,,4.0,MEDIUM,
2026-09-30,MCX.NS,PB-L,LONG,3300.4,3138.63,3677.87,2.33,6,Capital Markets,OPEN,,,,,,6.0,MEDIUM,
2026-09-30,MUNJALAU.NS,PB-L,LONG,112.86,106.04,128.77,2.33,6,Consumer Cyclical,SL_HIT,106.04,2026-10-01,SL,-6.04,1.0,2.0,LOW,
2026-09-30,GALAPREC.NS,BO-L,LONG,1197.2,1117.28,1383.69,2.33,5,Industrials,SL_HIT,1117.28,2026-10-08,SL,-6.68,8,4.0,MEDIUM,
2026-09-30,GULFOILLUB.NS,BO-L,LONG,1125.4,1081.57,1227.67,2.33,5,Basic Materials,SL_HIT,1081.57,2026-10-05,SL,-3.89,5.0,4.0,MEDIUM,
2026-09-30,GALAXYSURF.NS,BO-L,LONG,2332.8,2199.99,2642.7,2.33,4,Chemicals,OPEN,,,,,,4.0,MEDIUM,
2026-09-30,GILLANDERS.NS,BO-L,LONG,114.8,105.99,135.36,2.33,4,Consumer Defensive,SL_HIT,105.99,2026-10-08,SL,-7.67,8,3.0,LOW,
2026-10-01,ARIES.NS,PB-L,LONG,477.4,445.17,552.6,2.33,7,Basic Materials,OPEN,,,,,,4.0,MEDIUM,
2026-10-01,PRIVISCL.NS,PB-L,LONG,3573.0,3426.86,3914.0,2.33,6,Basic Materials,SL_HIT,3426.86,2026-10-05,SL,-4.09,4.0,7.0,HIGH,
2026-10-01,UNIDT.NS,PB-L,LONG,239.65,212.07,304.0,2.33,6,Energy,OPEN,,,,,,5.0,MEDIUM,
2026-10-01,DIFFNKG.NS,BO-L,LONG,464.4,430.47,543.57,2.33,5,Industrials,SL_HIT,430.47,2026-10-08,SL,-7.31,7,5.0,MEDIUM,
2026-10-01,LOKESHMACH.NS,BO-L,LONG,400.8,368.71,475.69,2.33,5,Industrials,TP_HIT,475.69,2026-10-08,TP,18.69,7,2.0,LOW,
2026-10-01,MOREPENLAB.NS,BO-L,LONG,133.72,123.0,158.74,2.33,5,Healthcare,OPEN,,,,,,2.0,LOW,
2026-10-01,RAMRAT.NS,BO-L,LONG,616.55,577.13,708.53,2.33,5,Industrials,OPEN,,,,,,3.0,LOW,
2026-10-05,AVADHSUGAR.NS,BO-L,LONG,840.35,779.57,982.16,2.33,5,Consumer Defensive,OPEN,,,,,,2.0,LOW,
2026-10-05,HFCL.NS,BO-L,LONG,250.27,233.71,288.91,2.33,5,Chemicals,OPEN,,,,,,4.0,MEDIUM,
2026-10-05,MARINE.NS,BO-L,LONG,469.15,429.81,560.94,2.33,5,Industrials,OPEN,,,,,,3.0,LOW,
2026-10-05,MOLDTECH.NS,BO-L,LONG,213.5,197.83,250.05,2.33,5,Industrials,OPEN,,,,,,5.0,MEDIUM,
2026-10-05,ORIENTBELL.NS,BO-L,LONG,417.1,391.94,475.81,2.33,5,Industrials,OPEN,,,,,,5.0,MEDIUM,
2026-10-05,RRKABEL.NS,BO-L,LONG,2648.0,2510.7,2968.37,2.33,5,Electronics & EMS,OPEN,,,,,,5.0,MEDIUM,
2026-10-05,CYIENT.NS,BO-L,LONG,1140.2,1072.51,1298.15,2.33,4,IT - Mid & Small,SL_HIT,1072.51,2026-10-08,SL,-5.94,3,4.0,MEDIUM,
2026-10-06,MANAKSTEEL.NS,PB-L,LONG,108.88,99.69,130.32,2.33,7,Basic Materials,OPEN,,,,,,7.0,HIGH,
2026-10-06,ALIVUS.NS,PB-L,LONG,1384.0,1318.01,1537.97,2.33,6,Healthcare,OPEN,,,,,,3.0,LOW,
2026-10-06,AURUM.NS,PB-L,LONG,231.14,219.36,258.64,2.33,6,Real Estate,OPEN,,,,,,4.0,MEDIUM,
2026-10-06,GRWRHITECH.NS,PB-L,LONG,7102.5,6675.67,8098.45,2.33,6,Basic Materials,OPEN,,,,,,2.0,LOW,
2026-10-06,AETHER.NS,BO-L,LONG,1799.8,1698.69,2035.71,2.33,5,Basic Materials,OPEN,,,,,,5.0,MEDIUM,
2026-10-06,ARFIN.NS,BO-L,LONG,96.36,90.01,111.18,2.33,5,Basic Materials,TP_HIT,111.18,2026-10-08,TP,15.38,2,4.0,MEDIUM,
2026-10-06,DALMIASUG.NS,BO-L,LONG,453.0,417.85,535.02,2.33,5,Consumer Defensive,OPEN,,,,,,2.0,LOW,
2026-10-06,EIMCOELECO.NS,BO-L,LONG,2371.8,2245.9,2665.56,2.33,5,Industrials,SL_HIT,2245.9,2026-10-07,SL,-5.31,1.0,2.0,LOW,
2026-10-06,KAMATHOTEL.NS,BO-L,LONG,258.82,243.25,295.14,2.33,5,Consumer Cyclical,OPEN,,,,,,3.0,LOW,
2026-10-06,KRISHANA.NS,BO-L,LONG,193.66,182.85,218.88,2.33,5,Basic Materials,OPEN,,,,,,5.0,MEDIUM,
2026-10-06,MANALIPETC.NS,BO-L,LONG,92.36,85.22,109.01,2.33,5,Basic Materials,SL_HIT,85.22,2026-10-08,SL,-7.73,2,4.0,MEDIUM,
2026-10-06,MOTILALOFS.NS,BO-L,LONG,1081.15,1036.06,1186.37,2.33,5,Capital Markets,SL_HIT,1036.06,2026-10-08,SL,-4.17,2,3.0,LOW,
2026-10-06,OPTIEMUS.NS,BO-L,LONG,889.9,814.84,1065.03,2.33,5,Technology,SL_HIT,814.84,2026-10-08,SL,-8.43,2,2.0,LOW,
2026-10-06,SKYGOLD.NS,BO-L,LONG,857.65,810.12,968.56,2.33,5,Consumer & FMCG,OPEN,,,,,,4.0,MEDIUM,
2026-10-06,UNIVCABLES.NS,BO-L,LONG,1649.2,1537.89,1908.92,2.33,5,Industrials,OPEN,,,,,,5.0,MEDIUM,
2026-10-07,SOUTHBANK.NS,PB-L,LONG,47.47,45.41,52.29,2.34,7,Banking - Private,OPEN,,,,,,3.0,LOW,
2026-10-07,BBOX.NS,BO-L,LONG,884.85,826.64,1020.68,2.33,5,Technology,OPEN,,,,,,1.0,LOW,
2026-10-07,CHENNPETRO.NS,BO-L,LONG,1612.3,1498.67,1877.44,2.33,5,Energy,OPEN,,,,,,4.0,MEDIUM,
2026-10-07,CYIENTDLM.NS,BO-L,LONG,988.3,923.15,1140.32,2.33,5,Industrials,OPEN,,,,,,4.0,MEDIUM,
2026-10-07,DEEPINDS.NS,BO-L,LONG,795.6,743.96,916.09,2.33,5,Energy,OPEN,,,,,,6.0,MEDIUM,
2026-10-07,EBGNG.NS,BO-L,LONG,731.35,677.33,857.39,2.33,5,Technology,OPEN,,,,,,6.0,MEDIUM,
2026-10-07,GANDHAR.NS,BO-L,LONG,299.2,284.51,333.48,2.33,5,Energy,OPEN,,,,,,3.0,LOW,
2026-10-07,GLAND.NS,BO-L,LONG,3150.6,3020.61,3453.91,2.33,5,Pharma,OPEN,,,,,,6.0,MEDIUM,
2026-10-07,GPPL.NS,BO-L,LONG,172.46,166.03,187.47,2.33,5,Logistics,SL_HIT,166.03,2026-10-08,SL,-3.73,1,5.0,MEDIUM,
2026-10-07,IBULLSLTD.NS,BO-L,LONG,32.49,30.45,37.26,2.34,5,Real Estate,TP_HIT,37.26,2026-10-08,TP,14.68,1,5.0,MEDIUM,
2026-10-07,JAMNAAUTO.NS,BO-L,LONG,151.77,143.0,172.24,2.33,5,Consumer Cyclical,OPEN,,,,,,6.0,MEDIUM,
2026-10-07,KOTAKBANK.NS,BO-L,LONG,440.0,425.94,472.81,2.33,5,Banking - Private,OPEN,,,,,,2.0,LOW,
2026-10-07,MMP.NS,BO-L,LONG,498.8,458.14,593.66,2.33,5,Basic Materials,OPEN,,,,,,3.0,LOW,
2026-10-07,MRPL.NS,BO-L,LONG,182.86,171.79,208.69,2.33,5,Oil & Gas,SL_HIT,171.79,2026-10-08,SL,-6.05,1,4.0,MEDIUM,
2026-10-07,PTCIL.NS,BO-L,LONG,24685.0,23375.1,27741.44,2.33,5,Industrials,OPEN,,,,,,5.0,MEDIUM,
2026-10-07,TATVA.NS,BO-L,LONG,1991.2,1866.47,2282.23,2.33,5,Chemicals,SL_HIT,1866.47,2026-10-08,SL,-6.26,1,5.0,MEDIUM,
2026-10-07,ZIMLAB.NS,BO-L,LONG,146.61,134.59,174.65,2.33,5,Healthcare,OPEN,,,,,,2.0,LOW,
2026-10-08,PRIMESECU.NS,PB-L,LONG,296.5,280.51,333.81,2.33,7,Security Services,OPEN,,,,,,3.0,LOW,
